id_transaction,id_account,transaction_type,transaction_date,transaction_amount
1,1,P1,1/30/20,23.1926
2,2,P1,2/4/20,31.6739
3,3,P1,2/5/20,14.8455
4,4,P1,2/17/20,10.3026
5,5,P1,2/18/20,14.7379
6,6,P1,2/21/20,21.3026
7,7,P1,2/24/20,14.0186
8,8,P1,3/2/20,0.0955
9,9,P1,3/6/20,31.2087
10,10,P1,3/9/20,38.89
11,11,P1,3/11/20,4.6019
12,12,P1,3/19/20,21.3252
13,13,P1,3/25/20,37.2775
14,14,P1,3/27/20,1.4919
15,15,P1,3/30/20,30.8568
16,16,P1,3/31/20,19.0631
17,17,P1,4/7/20,31.7395
18,18,P1,4/9/20,35.8972
19,19,P1,4/15/20,27.1335
20,20,P1,4/20/20,7.5583
21,21,P1,4/30/20,4.7371
22,22,P1,5/6/20,30.2104
23,23,P1,5/13/20,33.5105
24,24,P1,5/28/20,5.979
25,25,P1,1/30/20,12.8892
26,26,P1,2/4/20,9.9377
27,345,P1,2/5/20,24.1505
28,28,P1,2/17/20,9.216
29,29,P1,2/18/20,1.2362
30,30,P1,2/21/20,9.3657
31,31,P1,2/24/20,7.716
32,32,P1,3/2/20,16.8641
33,33,P1,3/6/20,30.0971
34,34,P1,3/9/20,13.9612
35,35,P1,3/11/20,16.9312
36,36,P1,3/19/20,26.8657
37,37,P1,3/25/20,39.3568
38,38,P1,3/27/20,37.9943
39,39,P1,3/30/20,31.2856
40,40,P1,3/31/20,29.8107
41,41,P1,4/7/20,32.6869
42,42,P1,4/9/20,26.1812
43,43,P1,4/15/20,7.7605
44,44,P1,4/20/20,26.1909
45,45,P1,4/30/20,7.7063
46,46,P1,5/6/20,6.051
47,47,P1,5/13/20,21.6141
48,48,P1,5/28/20,11.2783
49,49,P1,1/30/20,36.7233
50,50,P1,2/4/20,32.788
51,51,P1,2/5/20,12.6869
52,52,P1,2/17/20,8.2201
53,53,P1,2/18/20,12.4385
54,54,P1,2/21/20,38.3115
55,55,P1,2/24/20,23.1084
56,56,P1,3/2/20,7.1796
57,57,P1,3/6/20,23.7152
58,58,P1,3/9/20,19.2646
59,59,P1,3/11/20,5.3325
60,60,P1,3/19/20,35.3738
61,61,P1,3/25/20,20.2144
62,62,P1,3/27/20,17.4498
63,63,P1,3/30/20,40.2767
64,64,P1,3/31/20,33.5437
65,65,P1,4/7/20,14.504
66,66,P1,4/9/20,35.5534
67,67,P1,4/15/20,33.3738
68,68,P1,4/20/20,36.3875
69,69,P1,4/30/20,12.2435
70,70,P1,5/6/20,11.9943
71,71,P1,5/13/20,34.2176
72,72,P1,5/28/20,34.7306
73,73,P1,1/30/20,10.7573
74,74,P1,2/4/20,27.5833
75,75,P1,2/5/20,2.9595
76,76,P1,2/17/20,27.0712
77,77,P1,2/18/20,5.2937
78,78,P1,2/21/20,7.5583
79,79,P1,2/24/20,0.0663
80,80,P1,3/2/20,10.4903
81,81,P1,3/6/20,35.3673
82,82,P1,3/9/20,11.4256
83,83,P1,3/11/20,32.3406
84,84,P1,3/19/20,5.0405
85,85,P1,3/25/20,18.7888
86,86,P1,3/27/20,30.0793
87,87,P1,3/30/20,10.0971
88,88,P1,3/31/20,19.7241
89,89,P1,4/7/20,27.6877
90,90,P1,4/9/20,17.979
91,91,P1,4/15/20,33.4053
92,92,P1,4/20/20,7.1893
93,93,P1,4/30/20,30.1246
94,94,P1,5/6/20,32.1772
95,95,P1,5/13/20,17.4498
96,96,P1,5/28/20,2.7945
97,97,P1,1/30/20,1.6206
98,98,P1,2/4/20,20.9466
99,99,P1,2/5/20,32.3649
100,100,P1,2/17/20,34.0785
101,101,P1,2/18/20,35.1133
102,102,P1,2/21/20,7.983
103,345,P1,2/24/20,33.7047
104,104,P1,3/2/20,18.8155
105,105,P1,3/6/20,0.0388
106,106,P1,3/9/20,16.5138
107,107,P1,3/11/20,3.4612
108,108,P1,3/19/20,15.7743
109,109,P1,3/25/20,13.5316
110,345,P1,3/27/20,18.5307
111,111,P1,3/30/20,6.0259
112,112,P1,3/31/20,18.6238
113,113,P1,4/7/20,1.534
114,345,P1,4/9/20,36.8924
115,345,P1,4/15/20,14.1578
116,345,P1,4/20/20,37.1885
117,345,P1,4/30/20,9.5712
118,345,P1,5/6/20,30.5032
119,345,P1,5/13/20,26.2176
120,345,P1,5/28/20,11.1594
121,345,P1,1/30/20,12.2565
122,345,P1,2/4/20,29.0154
123,345,P1,2/5/20,23.9361
124,345,P1,2/17/20,13.9571
125,345,P1,2/18/20,36.335
126,345,P1,2/21/20,30.8544
127,345,P1,2/24/20,21.3358
128,345,P1,3/2/20,37.1982
129,345,P1,3/6/20,4.7354
130,345,P1,3/9/20,0.2702
131,345,P1,3/11/20,6.2524
132,345,P1,3/19/20,38.1885
133,345,P1,3/25/20,28.7265
134,345,P1,3/27/20,7.9167
135,345,P1,3/30/20,6.9482
136,345,P1,3/31/20,3.5138
137,345,P1,4/7/20,37.0583
138,345,P1,4/9/20,31.0785
139,345,P1,4/15/20,15.5348
140,345,P1,4/20/20,24.8341
141,345,P1,4/30/20,0.9515
142,345,P1,5/6/20,38.0914
143,345,P1,5/13/20,22.8948
144,345,P1,5/28/20,22.589
145,345,P1,1/30/20,31.8851
146,345,P1,2/4/20,29.1448
147,345,P1,2/5/20,17.5324
148,345,P1,2/17/20,26.5736
149,345,P1,2/18/20,31.1497
150,345,P1,2/21/20,28.7201
151,345,P1,2/24/20,33.8123
152,345,P1,3/2/20,15.4231
153,345,P1,3/6/20,32.9086
154,345,P1,3/9/20,24.7128
155,345,P1,3/11/20,20.6529
156,345,P1,3/19/20,23.0963
157,345,P1,3/25/20,7.7015
158,345,P1,3/27/20,21.7532
159,345,P1,3/30/20,30.8163
160,345,P1,3/31/20,2.644
161,345,P1,4/7/20,1.7953
162,345,P1,4/9/20,3.9126
163,345,P1,4/15/20,34.2387
164,345,P1,1/30/20,8.3228
165,345,P1,2/4/20,11.356
166,345,P1,2/5/20,29.6416
167,345,P1,2/17/20,20.822
168,345,P1,2/18/20,9.7152
169,345,P1,2/21/20,30.7848
170,345,P1,2/24/20,24.4272
171,345,P1,3/2/20,6.8592
172,345,P1,3/6/20,20.415
173,345,P1,3/9/20,27.521
174,345,P1,3/11/20,21.9167
175,345,P1,3/19/20,12.1303
176,345,P1,3/25/20,5.9717
177,345,P1,3/27/20,20.7856
178,345,P1,3/30/20,18.6181
179,345,P1,3/31/20,27.2071
180,345,P1,4/7/20,1.6343
181,345,P1,4/9/20,24.555
182,345,P1,4/15/20,17.0542
183,345,P1,4/20/20,16.0469
184,345,P1,4/30/20,4.7646
185,345,P1,5/6/20,10.8139
186,345,P1,5/13/20,8.6788
187,345,P1,5/28/20,29.8261
188,345,P1,1/30/20,17.3277
189,345,P1,2/4/20,30.8859
190,345,P1,2/5/20,5.665
191,345,P1,2/17/20,27.2638
192,345,P1,2/18/20,15.2144
193,345,P1,2/21/20,13.835
194,345,P1,2/24/20,23.1489
195,345,P1,3/2/20,10.4871
196,345,P1,3/6/20,29.9312
197,345,P1,3/9/20,10.7937
198,345,P1,3/11/20,7.2306
199,345,P1,3/19/20,23.6052
200,345,P1,3/25/20,12.4806
201,345,P1,3/27/20,24.6392
202,345,P1,3/30/20,8.7468
203,345,P1,3/31/20,22.0113
204,345,P1,4/7/20,0.4782
205,345,P1,4/9/20,22.6214
206,345,P1,4/15/20,25.8439
207,345,P1,4/20/20,25.2484
208,345,P1,4/30/20,31.11
209,345,P1,5/6/20,28.3576
210,345,P1,5/13/20,36.7379
211,345,P1,5/28/20,4.7006
212,345,P1,1/30/20,10.9175
213,345,P1,2/4/20,31.5963
214,345,P1,2/5/20,35.7646
215,345,P1,2/17/20,28.9822
216,345,P1,2/18/20,2.2589
217,345,P1,2/21/20,20.9523
218,345,P1,2/24/20,33.9417
219,345,P1,3/2/20,2.1885
220,345,P1,3/6/20,13.373
221,345,P1,3/9/20,39.1691
222,345,P1,3/11/20,34.233
223,345,P1,3/19/20,21.5202
224,345,P1,3/25/20,7.5283
225,345,P1,3/27/20,37.9102
226,345,P1,3/30/20,9.6206
227,345,P1,3/31/20,6.8301
228,345,P1,4/7/20,39.7233
229,345,P1,4/9/20,27.1909
230,345,P1,4/15/20,23.9272
231,345,P1,4/20/20,28.4515
232,345,P1,4/30/20,12.8981
233,345,P1,5/6/20,25.2411
234,345,P1,5/13/20,6.7419
235,345,P1,5/28/20,18.4417
236,345,P1,1/30/20,2.2864
237,345,P1,2/4/20,16.6764
238,345,P1,2/5/20,13.5712
239,345,P1,2/17/20,21.157
240,345,P1,2/18/20,4.9798
241,345,P1,2/21/20,40.0291
242,345,P1,2/24/20,18.4652
243,345,P1,3/2/20,15.5744
244,345,P1,3/6/20,3.4272
245,345,P1,3/9/20,34.9199
246,345,P1,3/11/20,14.2888
247,345,P1,3/19/20,2.373
248,345,P1,3/25/20,24.3835
249,345,P1,3/27/20,36.4765
250,345,P1,3/30/20,31.949
251,345,P1,3/31/20,20.2767
252,345,P1,4/7/20,2.9798
253,345,P1,4/9/20,5.3875
254,345,P1,4/15/20,14.4369
255,345,P1,4/20/20,32.3131
256,345,P1,4/30/20,29.5922
257,345,P1,5/6/20,0.0631
258,345,P1,5/13/20,12.3131
259,345,P1,5/28/20,7.1181
260,345,P1,1/30/20,38.0858
261,345,P1,2/4/20,10.4482
262,345,P1,2/5/20,7.233
263,229,P1,2/17/20,11.3398
264,229,P1,2/18/20,12.3439
265,229,P1,2/21/20,10.8722
266,229,P1,2/24/20,14.7201
267,229,P1,3/2/20,11.3519
268,229,P1,3/6/20,20.4717
269,229,P1,3/9/20,5.6052
270,229,P1,3/11/20,21.1068
271,229,P2,3/19/20,26.7201
272,229,P2,3/25/20,39.2573
273,229,P2,3/27/20,19.9725
274,229,P2,3/30/20,19.2702
275,229,P2,3/31/20,11.4029
276,229,P2,4/7/20,37.8439
277,229,P2,4/9/20,6.165
278,229,P2,4/15/20,4.178
279,229,P2,4/20/20,37.0922
280,229,P2,4/30/20,36.983
281,229,P2,5/6/20,14.6974
282,229,P2,5/13/20,0.6294
283,229,P2,5/28/20,2.1731
284,229,P2,1/30/20,0.3487
285,229,P2,2/4/20,20.2047
286,229,P2,2/5/20,14.2856
287,229,P2,2/17/20,3.8439
288,229,P2,2/18/20,7.0663
289,229,P2,2/21/20,9.8932
290,229,P2,2/24/20,37.5615
291,229,P2,3/2/20,10.2403
292,229,P2,3/6/20,28.5437
293,229,P2,3/9/20,25.9118
294,229,P2,3/11/20,17.3479
295,229,P2,3/19/20,13.7791
296,229,P2,3/25/20,23.0906
297,229,P2,3/27/20,18.4765
298,229,P2,3/30/20,12.4134
299,229,P2,3/31/20,22.3439
300,229,P2,4/7/20,11.0914
301,229,P2,4/9/20,32.555
302,229,P2,4/15/20,38.0154
303,229,P2,4/20/20,9.1553
304,229,P2,4/30/20,1.657
305,229,P2,5/6/20,37.5736
306,229,P2,5/13/20,14.2848
307,229,P2,5/28/20,15.4506
308,229,P2,1/30/20,32.1286
309,229,P2,2/4/20,16.5307
310,229,P2,2/5/20,16.1845
311,229,P2,2/17/20,39.8034
312,229,P2,2/18/20,9.479
313,229,P2,2/21/20,6.1788
314,229,P2,2/24/20,28.7702
315,229,P2,3/2/20,15.7225
316,229,P2,3/6/20,21.6756
317,229,P2,3/9/20,38.5089
318,229,P2,3/11/20,6.3212
319,229,P2,3/19/20,13.0429
320,229,P2,3/25/20,36.4037
321,229,P2,3/27/20,22.767
322,229,P2,3/30/20,23.4401
323,229,P2,3/31/20,38.6861
324,229,P2,4/7/20,35.1464
325,229,P2,4/9/20,12.2929
326,229,P2,4/15/20,17.4741
327,229,P2,1/30/20,28.4555
328,229,P2,2/4/20,24.055
329,229,P2,2/5/20,29.3091
330,229,P2,2/17/20,1.2783
331,229,P2,2/18/20,22.2994
332,229,P2,2/21/20,7.75
333,229,P2,2/24/20,23.5623
334,229,P2,3/2/20,26.2613
335,229,P2,3/6/20,4.9838
336,229,P2,3/9/20,4.0769
337,229,P2,3/11/20,19.8366
338,229,P2,3/19/20,0.6942
339,229,P2,3/25/20,2.8641
340,229,P2,3/27/20,36.9385
341,229,P2,3/30/20,29.7201
342,229,P2,3/31/20,25.5922
343,229,P2,4/7/20,33.0073
344,229,P2,4/9/20,24.7055
345,229,P2,4/15/20,33.5655
346,229,P2,4/20/20,33.0154
347,229,P2,4/30/20,8.1699
348,229,P2,5/6/20,36.1092
349,229,P2,5/13/20,37.9547
350,229,P2,5/28/20,12.6125
351,229,P2,1/30/20,16.2006
352,229,P2,2/4/20,32.9466
353,229,P2,2/5/20,23.6068
354,229,P2,2/17/20,15.4968
355,229,P2,2/18/20,22.6117
356,229,P2,2/21/20,14.5356
357,229,P2,2/24/20,7.5882
358,229,P2,3/2/20,2.0081
359,229,P2,3/6/20,39.5858
360,229,P2,3/9/20,34.9927
361,229,P2,3/11/20,31.4879
362,229,P2,3/19/20,32.3495
363,229,P2,3/25/20,5.4636
364,229,P2,3/27/20,29.6901
365,229,P2,3/30/20,16.9393
366,229,P2,3/31/20,2.0841
367,229,P2,4/7/20,20.1448
368,229,P2,4/9/20,15.8706
369,229,P2,4/15/20,27.5186
370,229,P2,4/20/20,21.6222
371,229,P2,4/30/20,8.3827
372,229,P2,5/6/20,31.1837
373,229,P2,5/13/20,13.6659
374,229,P2,5/28/20,16.6141
375,229,P2,1/30/20,9.284
376,229,P2,2/4/20,26.0332
377,229,P2,2/5/20,9.3139
378,229,P2,2/17/20,20
379,229,P2,2/18/20,8.318
380,229,P2,2/21/20,23.5065
381,229,P2,2/24/20,34.9256
382,229,P2,3/2/20,10.4895
383,229,P2,3/6/20,1.055
384,229,P2,3/9/20,22.949
385,229,P2,3/11/20,28.9466
386,229,P2,3/19/20,37.4134
387,229,P2,3/25/20,17.784
388,229,P2,3/27/20,16.8681
389,229,P2,3/30/20,16.843
390,229,P2,3/31/20,0.4005
391,229,P2,4/7/20,5.2549
392,229,P2,4/9/20,8.7921
393,229,P2,4/15/20,0.4604
394,229,P2,4/20/20,14.9134
395,229,P2,4/30/20,9.0623
396,229,P2,5/6/20,22.394
397,229,P2,5/13/20,33.8471
398,229,P2,5/28/20,37.6214
399,229,P2,1/30/20,36.7638
400,229,P2,2/4/20,1.2168
401,229,P2,2/5/20,22.038
402,229,P2,2/17/20,5.5631
403,229,P2,2/18/20,14.3261
404,229,P2,2/21/20,22.3673
405,229,P2,2/24/20,22.0761
406,229,P2,3/2/20,22.343
407,229,P2,3/6/20,7.5089
408,229,P2,3/9/20,33.6481
409,229,P2,3/11/20,3.4604
410,229,P2,3/19/20,24.7387
411,229,P2,3/25/20,35.2184
412,229,P2,3/27/20,21.0073
413,229,P2,3/30/20,18.678
414,229,P2,3/31/20,40.0914
415,229,P2,4/7/20,32.3269
416,229,P2,4/9/20,14.8536
417,229,P2,4/15/20,20.0243
418,229,P2,4/20/20,3.915
419,229,P2,4/30/20,36.6011
420,229,P2,5/6/20,7.5
421,229,P2,5/13/20,10.623
422,229,P2,5/28/20,33.7977
423,229,P2,1/30/20,20.8835
424,229,P2,2/4/20,5.4725
425,229,P2,2/5/20,33
426,229,P2,2/17/20,26.7411
427,229,P2,2/18/20,25.1432
428,229,P2,2/21/20,29.4353
429,229,P2,2/24/20,18.4717
430,229,P2,3/2/20,20.1578
431,229,P2,3/6/20,21.0566
432,229,P2,3/9/20,34.2994
433,229,P2,3/11/20,39.1699
434,229,P2,3/19/20,10.9377
435,229,P2,3/25/20,23.0227
436,229,P2,3/27/20,6.3422
437,229,P2,3/30/20,27.2621
438,229,P2,3/31/20,34.3633
439,229,P2,4/7/20,10.8447
440,229,P2,4/9/20,34.5065
441,229,P2,4/15/20,34.9426
442,229,P2,4/20/20,3.0356
443,229,P2,4/30/20,25.3608
444,229,P2,5/6/20,31.0744
445,229,P2,5/13/20,11.5688
446,229,P2,5/28/20,28.9644
447,229,P2,1/30/20,23.5194
448,229,P2,2/4/20,9.4029
449,229,P2,2/5/20,34.5218
450,229,P2,2/17/20,10.1149
451,229,P2,2/18/20,24.6634
452,229,P2,2/21/20,19.0655
453,229,P2,2/24/20,23.4328
454,229,P2,3/2/20,0.9417
455,229,P2,3/6/20,26.8843
456,229,P2,3/9/20,14.2702
457,229,P2,3/11/20,17.771
458,229,P2,3/19/20,35.6667
459,229,P2,3/25/20,14.8002
460,229,P2,3/27/20,24.0049
461,229,P2,3/30/20,5.39
462,229,P2,3/31/20,29.4256
463,229,P2,4/7/20,10.2241
464,229,P2,4/9/20,2.9434
465,229,P2,4/15/20,5.2298
466,229,P2,4/20/20,14.3414
467,229,P2,4/30/20,36.1351
468,229,P2,5/6/20,37.7362
469,229,P2,5/13/20,39.2201
470,229,P2,5/28/20,17.0081
471,229,P2,1/30/20,23.6691
472,229,P2,2/4/20,2.517
473,229,P2,2/5/20,14.8811
474,229,P2,2/17/20,6.1497
475,229,P2,2/18/20,38.0906
476,229,P2,2/21/20,31.5663
477,229,P2,2/24/20,0.6926
478,229,P2,3/2/20,19.8463
479,229,P2,3/6/20,15.2929
480,229,P2,3/9/20,35.9328
481,229,P2,3/11/20,33.1456
482,229,P2,3/19/20,11.4976
483,229,P2,3/25/20,3.5793
484,229,P2,3/27/20,21.3091
485,229,P2,3/30/20,29.0243
486,229,P2,3/31/20,10.8552
487,229,P2,4/7/20,25.301
488,229,P2,4/9/20,4.6448
489,229,P2,4/15/20,21.0081
490,229,P2,1/30/20,8.7249
491,229,P2,2/4/20,13.9595
492,229,P2,2/5/20,40.212
493,229,P2,2/17/20,39.3301
494,229,P2,2/18/20,28.9773
495,229,P2,2/21/20,30.5898
496,229,P2,2/24/20,10.9515
497,229,P2,3/2/20,30.1278
498,229,P2,3/6/20,14.5494
499,229,P2,3/9/20,37.2549
500,229,P2,3/11/20,27.0008
501,229,P2,3/19/20,6.8074
502,229,P2,3/25/20,9.8066
503,229,P2,3/27/20,7.161
504,229,P2,3/30/20,19.0542
505,229,P2,3/31/20,0.504
506,229,P2,4/7/20,1.0785
507,229,P2,4/9/20,21.9846
508,229,P2,4/15/20,26.1408
509,229,P2,4/20/20,19.5016
510,229,P2,4/30/20,10.9377
511,229,P2,5/6/20,23.3107
512,229,P2,5/13/20,10.7929
513,229,P2,5/28/20,4.0348
514,229,P2,1/30/20,22.0752
515,229,P2,2/4/20,4.0049
516,229,P2,2/5/20,30.6529
517,229,P2,2/17/20,17.4927
518,229,P2,2/18/20,7.1464
519,229,P2,2/21/20,20.8172
520,229,P2,2/24/20,17.6739
521,229,P2,3/2/20,25.9676
522,229,P2,3/6/20,25.767
523,229,P2,3/9/20,23.3528
524,229,P2,3/11/20,8.8511
525,229,P2,3/19/20,17.5202
526,229,P2,3/25/20,16.165
527,229,P2,3/27/20,9.3495
528,229,P2,3/30/20,1.2136
529,229,P2,3/31/20,30.7994
530,229,P2,4/7/20,17.3875
531,229,P2,4/9/20,5.165
532,229,P2,4/15/20,6.6885
533,229,P2,4/20/20,33.3406
534,229,P2,4/30/20,27.0761
535,229,P2,5/6/20,22.8511
536,229,P2,5/13/20,26.1764
537,229,P2,5/28/20,11.4223
538,229,P2,1/30/20,12.7759
539,229,P2,2/4/20,37.5
540,229,P2,2/5/20,2.1197
541,229,P2,2/17/20,0.2816
542,229,P2,2/18/20,25.3843
543,229,P2,2/21/20,21.4862
544,229,P2,2/24/20,35.5655
545,229,P2,3/2/20,12.767
546,229,P2,3/6/20,10.6222
547,229,P2,3/9/20,15.7395
548,229,P2,3/11/20,20.8908
549,229,P2,3/19/20,15.8528
550,229,P2,3/25/20,18.7646
551,229,P2,3/27/20,33.0955
552,229,P2,3/30/20,39.4037
553,229,P2,3/31/20,19.8786
554,229,P2,4/7/20,38.3657
555,229,P2,4/9/20,24.6238
556,229,P2,4/15/20,10.7686
557,229,P2,4/20/20,4.6642
558,229,P2,4/30/20,32.5194
559,229,P2,5/6/20,37.4239
560,229,P2,5/13/20,9.4604
561,229,P2,5/28/20,38.4134
562,229,P2,1/30/20,27.3511
563,229,P2,2/4/20,2.5591
564,229,P2,2/5/20,23.3074
565,229,P2,2/17/20,23.9013
566,229,P2,2/18/20,7.9199
567,229,P2,2/21/20,34.9223
568,229,P2,2/24/20,27.6343
569,229,P2,3/2/20,31.983
570,229,P2,3/6/20,38.5906
571,229,P2,3/9/20,24.7379
572,229,P2,3/11/20,25.0251
573,229,P2,3/19/20,34.733
574,229,P2,3/25/20,3.9523
575,229,P2,3/27/20,35.3188
576,229,P2,3/30/20,0.8762
577,229,P2,3/31/20,8.0607
578,229,P2,4/7/20,27.093
579,229,P2,4/9/20,36.1853
580,229,P2,4/15/20,38.8495
581,229,P2,4/20/20,22.1294
582,229,P2,4/30/20,37.8989
583,229,P2,5/6/20,38.5437
584,229,P2,5/13/20,4.6408
585,229,P2,5/28/20,3.0858
586,229,P2,1/30/20,1.0566
587,229,P2,2/4/20,13.9296
588,229,P2,2/5/20,5.9037
589,229,P2,2/17/20,1.5777
590,229,P2,2/18/20,37.3422
591,229,P2,2/21/20,9.5987
592,229,P2,2/24/20,15.6117
593,229,P2,3/2/20,3.6044
594,229,P2,3/6/20,30.6375
595,229,P2,3/9/20,13.2994
596,229,P2,3/11/20,27.2403
597,229,P2,3/19/20,35.0663
598,229,P2,3/25/20,23.678
599,229,P2,3/27/20,18.2629
600,229,P2,3/30/20,32.9555
601,229,P2,3/31/20,19.7597
602,229,P2,4/7/20,36.4652
603,229,P2,4/9/20,5.7945
604,229,P2,4/15/20,31.6837
605,229,P2,4/20/20,4.2006
606,606,P2,4/30/20,3.2662
607,607,P2,5/6/20,34.4919
608,608,P2,5/13/20,18.6052
609,609,P2,5/28/20,39.5728
610,610,P2,1/30/20,29.7929
611,611,P2,2/4/20,18.8511
612,612,P3,2/5/20,37.5696
613,613,P3,2/17/20,26.3892
614,614,P3,2/18/20,19.699
615,615,P3,2/21/20,38.4231
616,616,P3,2/24/20,21.4846
617,617,P3,3/2/20,32.1254
618,618,P3,3/6/20,12.8163
619,619,P3,3/9/20,1.9385
620,620,P3,3/11/20,19.4523
621,621,P3,3/19/20,26.8123
622,622,P3,3/25/20,30.5502
623,623,P3,3/27/20,7.5227
624,624,P3,3/30/20,18.6052
625,625,P3,3/31/20,23.1748
626,626,P3,4/7/20,29.1958
627,627,P3,4/9/20,35.0243
628,628,P3,4/15/20,25.9167
629,629,P3,4/20/20,5.8981
630,630,P3,4/30/20,0.3188
631,631,P3,5/6/20,33.6853
632,632,P3,5/13/20,22.9741
633,633,P3,5/28/20,13.7168
634,634,P3,1/30/20,9.6966
635,635,P3,2/4/20,24.7354
636,636,P3,2/5/20,14.6885
637,637,P3,2/17/20,23.9377
638,638,P3,2/18/20,33.0461
639,639,P3,2/21/20,21.8139
640,640,P3,2/24/20,6.4814
641,641,P3,3/2/20,6.157
642,642,P3,3/6/20,16.7379
643,643,P3,3/9/20,13.2516
644,644,P3,3/11/20,24.746
645,645,P3,3/19/20,25.1117
646,646,P3,3/25/20,29.3714
647,647,P3,3/27/20,35.5259
648,648,P3,3/30/20,21.9005
649,649,P3,3/31/20,9.6845
650,650,P3,4/7/20,25.7193
651,651,P3,4/9/20,6.7921
652,652,P3,4/15/20,20.6359
653,653,P3,1/30/20,8.1934
654,654,P3,2/4/20,20.8681
655,655,P3,2/5/20,10.7006
656,656,P3,2/17/20,9.8309
657,657,P3,2/18/20,2.5129
658,658,P3,2/21/20,1.8964
659,659,P3,2/24/20,17.4272
660,660,P3,3/2/20,23.9943
661,661,P3,3/6/20,22.6626
662,662,P3,3/9/20,7.877
663,663,P3,3/11/20,3.1173
664,664,P3,3/19/20,4.5437
665,665,P3,3/25/20,7.7047
666,666,P3,3/27/20,37.5574
667,667,P3,3/30/20,30.4539
668,668,P3,3/31/20,37.0251
669,669,P3,4/7/20,37.9587
670,670,P3,4/9/20,10.2209
671,671,P3,4/15/20,5.1432
672,672,P3,4/20/20,35.305
673,673,P3,4/30/20,1.9911
674,674,P3,5/6/20,10.3617
675,675,P3,5/13/20,12.9312
676,676,P3,5/28/20,20.3107
677,677,P3,1/30/20,4.9984
678,678,P3,2/4/20,19.5623
679,679,P3,2/5/20,25.5032
680,680,P3,2/17/20,10.3503
681,681,P3,2/18/20,4.0599
682,682,P3,2/21/20,38.2581
683,683,P3,2/24/20,32.0146
684,684,P3,3/2/20,36.3358
685,685,P3,3/6/20,10.1804
686,686,P3,3/9/20,31.9862
687,687,P3,3/11/20,21.4854
688,688,P3,3/19/20,22.2832
689,689,P3,3/25/20,34.1497
690,690,P3,3/27/20,37.4159
691,691,P3,3/30/20,3.6861
692,692,P3,3/31/20,2.6853
693,693,P3,4/7/20,10.7718
694,694,P3,4/9/20,3.5251
695,695,P3,4/15/20,29.5251
696,696,P3,4/20/20,9.0437
697,697,P3,4/30/20,13.301
698,698,P3,5/6/20,23.4523
699,699,P3,5/13/20,26.6003
700,700,P3,5/28/20,26.6869
701,701,P3,1/30/20,20.4984
702,702,P3,2/4/20,19.2686
703,703,P3,2/5/20,2.8544
704,704,P3,2/17/20,9.4312
705,705,P3,2/18/20,27.8892
706,706,P3,2/21/20,14.1343
707,707,P3,2/24/20,22.0599
708,708,P3,3/2/20,35.6052
709,709,P3,3/6/20,8.9693
710,710,P3,3/9/20,16.4191
711,711,P3,3/11/20,17.4919
712,712,P3,3/19/20,26.9733
713,713,P3,3/25/20,13.3511
714,714,P3,3/27/20,18.0817
715,715,P3,3/30/20,4.4369
716,716,P3,3/31/20,30.0688
717,717,P3,4/7/20,19.0138
718,718,P3,4/9/20,25.1189
719,719,P3,4/15/20,24.4377
720,720,P3,4/20/20,36.0591
721,721,P3,4/30/20,12.3528
722,722,P3,5/6/20,3.1117
723,723,P3,5/13/20,35.7824
724,724,P3,5/28/20,19.5129
725,725,P3,1/30/20,21.9903
726,726,P3,2/4/20,33.712
727,727,P3,2/5/20,30.449
728,728,P3,2/17/20,36.75
729,729,P3,2/18/20,31.0599
730,730,P3,2/21/20,18.9288
731,731,P3,2/24/20,17.5817
732,732,P3,3/2/20,2.3269
733,733,P3,3/6/20,35.8099
734,734,P3,3/9/20,3.9466
735,735,P3,3/11/20,24.6448
736,736,P3,3/19/20,6.9264
737,737,P3,3/25/20,29.3859
738,738,P3,3/27/20,4.415
739,739,P3,3/30/20,31.8625
740,740,P3,3/31/20,28.7282
741,741,P3,4/7/20,7.5793
742,742,P3,4/9/20,20.5987
743,743,P3,4/15/20,37.3058
744,744,P3,4/20/20,40.0024
745,745,P3,4/30/20,26.3908
746,746,P3,5/6/20,34.2427
747,747,P3,5/13/20,17.1594
748,748,P3,5/28/20,4.6909
749,749,P3,1/30/20,17.6246
750,750,P3,2/4/20,12.6521
751,751,P3,2/5/20,23.4199
752,752,P3,2/17/20,36.2087
753,753,P3,2/18/20,27.3892
754,754,P3,2/21/20,4.7209
755,755,P3,2/24/20,38.2508
756,756,P3,3/2/20,34.7403
757,757,P3,3/6/20,18.3625
758,758,P3,3/9/20,19.5105
759,759,P3,3/11/20,37.8091
760,760,P3,3/19/20,22.784
761,761,P3,3/25/20,22.1416
762,762,P3,3/27/20,25.9021
763,763,P3,3/30/20,30.7241
764,764,P3,3/31/20,25.1189
765,765,P3,4/7/20,13.1537
766,766,P3,4/9/20,4.0243
767,767,P3,4/15/20,12.2362
768,768,P3,4/20/20,22.9895
769,769,P3,4/30/20,24.9385
770,770,P3,5/6/20,23.2662
771,771,P3,5/13/20,38.9765
772,772,P3,5/28/20,17.4717
773,773,P3,1/30/20,22.7071
774,774,P3,2/4/20,27.5825
775,775,P3,2/5/20,4.7743
776,776,P3,2/17/20,0.1699
777,777,P3,2/18/20,33.5445
778,778,P3,2/21/20,1.1634
779,779,P3,2/24/20,17.4757
780,780,P3,3/2/20,14.2945
781,781,P3,3/6/20,7.4919
782,782,P3,3/9/20,8.805
783,783,P3,3/11/20,34.9862
784,784,P3,3/19/20,14.8932
785,785,P3,3/25/20,7.9045
786,786,P3,3/27/20,13.7807
787,787,P3,3/30/20,34.7443
788,788,P3,3/31/20,30.1327
789,789,P3,4/7/20,7.6885
790,790,P3,4/9/20,2.8487
791,791,P3,4/15/20,30.1222
792,792,P3,4/20/20,22.7654
793,793,P3,4/30/20,26.75
794,794,P3,5/6/20,38.6634
795,795,P3,5/13/20,21.3592
796,796,P3,5/28/20,15.4515
797,797,P3,1/30/20,36.6068
798,798,P3,2/4/20,31.3568
799,799,P3,2/5/20,19.7095
800,800,P3,2/17/20,22.4652
801,801,P3,2/18/20,37.4118
802,802,P3,2/21/20,19.5073
803,803,P3,2/24/20,24.6529
804,804,P3,3/2/20,19.2006
805,805,P3,3/6/20,19.1837
806,806,P3,3/9/20,25.4021
807,807,P3,3/11/20,8.3479
808,808,P3,3/19/20,14.39
809,809,P3,3/25/20,2.4223
810,810,P3,3/27/20,18.5817
811,811,P3,3/30/20,36.2953
812,812,P3,3/31/20,13.0032
813,813,P3,4/7/20,6.551
814,814,P3,4/9/20,21.8301
815,815,P3,4/15/20,32.5922
816,816,P3,1/30/20,19.127
817,817,P3,2/4/20,29.907
818,818,P3,2/5/20,25.7694
819,819,P3,2/17/20,29.0057
820,820,P3,2/18/20,26.767
821,821,P3,2/21/20,9.8924
822,822,P3,2/24/20,11.8058
823,823,P3,3/2/20,20.8617
824,824,P3,3/6/20,1.5008
825,825,P3,3/9/20,1.6432
826,826,P3,3/11/20,15.0728
827,827,P3,3/19/20,26.2443
828,828,P3,3/25/20,18.4191
829,829,P3,3/27/20,20.2095
830,830,P3,3/30/20,0.3932
831,831,P3,3/31/20,2.6036
832,832,P3,4/7/20,39.2735
833,833,P3,4/9/20,5.5858
834,834,P3,4/15/20,5.8697
835,835,P3,4/20/20,27.411
836,836,P3,4/30/20,23.318
837,837,P3,5/6/20,4.8139
838,838,P3,5/13/20,32.4385
839,839,P3,5/28/20,32.1812
840,840,P3,1/30/20,14.8617
841,841,P3,2/4/20,30.5566
842,842,P3,2/5/20,40.004
843,843,P3,2/17/20,16.2031
844,844,P3,2/18/20,37.3422
845,845,P3,2/21/20,6.0607
846,846,P3,2/24/20,15.9539
847,847,P3,3/2/20,12.4264
848,848,P3,3/6/20,27.2735
849,849,P3,3/9/20,40.2193
850,850,P3,3/11/20,15.5599
851,851,P3,3/19/20,32.9563
852,852,P3,3/25/20,4.7031
853,853,P3,3/27/20,16.75
854,854,P3,3/30/20,39.1804
855,855,P3,3/31/20,3.1028
856,856,P3,4/7/20,18.479
857,857,P3,4/9/20,11.3317
858,858,P3,4/15/20,24.3083
859,859,P3,4/20/20,29.9879
860,860,P3,4/30/20,25.6044
861,861,P3,5/6/20,21.8463
862,862,P3,5/13/20,40.3964
863,863,P3,5/28/20,33.9725
864,864,P3,1/30/20,5.8665
865,865,P3,2/4/20,34.0218
866,866,P3,2/5/20,30.7006
867,867,P3,2/17/20,26.0566
868,868,P3,2/18/20,25.5607
869,869,P3,2/21/20,15.3123
870,870,P3,2/24/20,37.2872
871,871,P3,3/2/20,22.0955
872,872,P3,3/6/20,8.8689
873,873,P3,3/9/20,29.7095
874,874,P3,3/11/20,18.0485
875,875,P3,3/19/20,17.9652
876,876,P3,3/25/20,11.8277
877,877,P3,3/27/20,37.4417
878,878,P3,3/30/20,0.9118
879,879,P3,3/31/20,39.9733
880,880,P3,4/7/20,33.7646
881,881,P3,4/9/20,21.0316
882,882,P3,4/15/20,6.9207
883,883,P3,4/20/20,2.1092
884,884,P3,4/30/20,18.6731
885,885,P3,5/6/20,26.3722
886,886,P3,5/13/20,33.1707
887,887,P3,5/28/20,17.7832
888,888,P3,1/30/20,28.4061
889,889,P3,2/4/20,24.199
890,890,P3,2/5/20,5.9005
891,891,P3,2/17/20,18.8924
892,892,P3,2/18/20,31.3325
893,893,P3,2/21/20,18.3188
894,894,P3,2/24/20,29.4434
895,895,P3,3/2/20,9.9887
896,896,P3,3/6/20,29.8641
897,897,P3,3/9/20,12.6383
898,898,P3,3/11/20,25.9862
899,899,P3,3/19/20,32.2387
900,900,P3,3/25/20,33.2435
901,901,P3,3/27/20,27.3964
902,902,P3,3/30/20,6.1966
903,903,P3,3/31/20,11.055
904,904,P3,4/7/20,23.8786
905,905,P3,4/9/20,20.4515
906,906,P3,4/15/20,21.4126
907,907,P3,4/20/20,7.5049
908,908,P3,4/30/20,6.4288
909,909,P3,5/6/20,17.2961
910,910,P3,5/13/20,11.1238
911,911,P3,5/28/20,33.3018
912,912,P3,1/30/20,26.593
913,913,P3,2/4/20,27.5971
914,914,P3,2/5/20,27.3746
915,915,P3,2/17/20,13.4822
916,916,P3,2/18/20,25.3042
917,917,P3,2/21/20,17.4369
918,918,P3,2/24/20,24.7945
919,919,P3,3/2/20,27.7419
920,920,P3,3/6/20,34.3883
921,921,P3,3/9/20,4.5728
922,922,P3,3/11/20,2.0518
923,923,P3,3/19/20,14.7905
924,924,P3,3/25/20,32.0267
925,925,P3,3/27/20,27.6731
926,926,P3,3/30/20,16.5583
927,927,P3,3/31/20,16.7532
928,928,P3,4/7/20,18.716
929,929,P3,4/9/20,34.7095
930,930,P3,4/15/20,34.449
931,931,P3,4/20/20,8.2184
932,932,P3,4/30/20,29.1383
933,933,P3,5/6/20,39.432
934,934,P3,5/13/20,35.6756
935,935,P3,5/28/20,1.0008
936,936,P3,1/30/20,17.6351
937,937,P3,2/4/20,39.7031
938,938,P3,2/5/20,29.1845
939,939,P3,2/17/20,19.8956
940,940,P3,2/18/20,28.5752
941,941,P3,2/21/20,6.5688
942,942,P3,2/24/20,28.7241
943,943,P3,3/2/20,38.5469
944,944,P3,3/6/20,33.0793
945,945,P3,3/9/20,20.0922
946,946,P3,3/11/20,18.0259
947,947,P3,3/19/20,28.2144
948,948,P3,3/25/20,10.5461
949,949,P3,3/27/20,0.5866
950,950,P3,3/30/20,37.428
951,951,P3,3/31/20,8.5655
952,952,P3,4/7/20,29.8738
953,953,P3,4/9/20,1.9417
954,954,P3,4/15/20,28.4175
955,955,P3,4/20/20,7.2848
956,956,P3,4/30/20,5.6327
957,957,P3,5/6/20,24.8964
958,958,P3,5/13/20,23.5081
959,959,P3,5/28/20,15.1691
960,960,P3,1/30/20,32.877
961,961,P3,2/4/20,2.877
962,962,P3,2/5/20,15.2848
963,963,P3,2/17/20,32.8277
964,964,P3,2/18/20,0.1028
965,965,P3,2/21/20,31.907
966,966,P3,2/24/20,28.7387
967,967,P3,3/2/20,7.3252
968,968,P3,3/6/20,33.1626
969,969,P3,3/9/20,3.9304
970,970,P3,3/11/20,24.4053
971,971,P3,3/19/20,16.2848
972,972,P3,3/25/20,14.1982
973,973,P3,3/27/20,17.5065
974,974,P3,3/30/20,25.8625
975,975,P3,3/31/20,17.5202
976,976,P3,4/7/20,11.7727
977,977,P3,4/9/20,24.2217
978,978,P3,4/15/20,3.1448
979,979,P3,1/30/20,34.4385
980,980,P3,2/4/20,1.407
981,981,P3,2/5/20,18.2929
982,982,P3,2/17/20,7.5218
983,983,P3,2/18/20,21.699
984,984,P3,2/21/20,22.6626
985,985,P3,2/24/20,3.64
986,986,P3,3/2/20,30.1917
987,987,P3,3/6/20,3.7233
988,988,P3,3/9/20,5.038
989,989,P3,3/11/20,28.8034
990,990,P3,3/19/20,17.5874
991,991,P3,3/25/20,17.9191
992,992,P3,3/27/20,19.2039
993,993,P3,3/30/20,34.4102
994,994,P3,3/31/20,7.754
995,995,P3,4/7/20,27.2807
996,996,P3,4/9/20,3.7775
997,997,P3,4/15/20,18.3536
998,998,P3,4/20/20,25.2807
999,999,P3,4/30/20,21.9547
1000,1000,P3,5/6/20,3.7306
1001,1001,P3,5/13/20,40.1044
1002,1002,P3,5/28/20,3.2217
1003,1003,P3,1/30/20,12.7718
1004,1004,P3,2/4/20,23.4814
1005,1005,P3,2/5/20,14.2362
1006,1006,P3,2/17/20,3.0162
1007,1007,P3,2/18/20,16.0761
1008,1008,P3,2/21/20,38.7791
1009,1009,P3,2/24/20,9.7104
1010,1010,P3,3/2/20,11.945
1011,1011,P3,3/6/20,15.928
1012,1012,P3,3/9/20,35.7484
1013,1013,P3,3/11/20,28.5558
1014,1014,P3,3/19/20,30.3455
1015,1015,P3,3/25/20,15.623
1016,1016,P3,3/27/20,5.9191
1017,1017,P3,3/30/20,35.979
1018,1018,P3,3/31/20,17.8188
1019,1019,P3,4/7/20,38.4118
1020,1020,P3,4/9/20,38.8649
1021,1021,P3,4/15/20,34.301
1022,1022,P3,4/20/20,13.9951
1023,1023,P3,4/30/20,30.2484
1024,1024,P3,5/6/20,22.9037
1025,1025,P3,5/13/20,5.407
1026,1026,P3,5/28/20,2.5316
1027,1027,P3,1/30/20,8.9142
1028,1028,P3,2/4/20,35.6351
1029,1029,P3,2/5/20,11.9709
1030,1030,P3,2/17/20,30.4644
1031,1031,P3,2/18/20,16.8277
1032,1032,P3,2/21/20,14.9231
1033,1033,P3,2/24/20,7.8358
1034,1034,P3,3/2/20,15.2184
1035,1035,P3,3/6/20,33.9434
1036,1036,P3,3/9/20,7.9838
1037,1037,P3,3/11/20,17.983
1038,1038,P3,3/19/20,36.7718
1039,1039,P3,3/25/20,37.7031
1040,1040,P3,3/27/20,30.3778
1041,1041,P3,3/30/20,27.3641
1042,1042,P3,3/31/20,8.0324
1043,1043,P3,4/7/20,1.2832
1044,1044,P3,4/9/20,6.7702
1045,1045,P3,4/15/20,26.6319
1046,1046,P3,4/20/20,36.6327
1047,1047,P3,4/30/20,2.5494
1048,1048,P3,5/6/20,0.6934
1049,1049,P3,5/13/20,21.9668
1050,1050,P3,5/28/20,11.8608
1051,1051,P3,1/30/20,29.3803
1052,1052,P3,2/4/20,13.3107
1053,1053,P3,2/5/20,32.8204
1054,1054,P3,2/17/20,9.3511
1055,1055,P3,2/18/20,6.0429
1056,1056,P3,2/21/20,23.8697
1057,1057,P3,2/24/20,35.7112
1058,1058,P3,3/2/20,5.2265
1059,1059,P3,3/6/20,37.9353
1060,1060,P3,3/9/20,10.2379
1061,1061,P3,3/11/20,40.1084
1062,1062,P3,3/19/20,27.4304
1063,1063,P3,3/25/20,21.0906
1064,1064,P3,3/27/20,5.2654
1065,1065,P3,3/30/20,37.9765
1066,1066,P3,3/31/20,4.746
1067,1067,P3,4/7/20,31.3439
1068,1068,P3,4/9/20,20.699
1069,1069,P3,4/15/20,29.6125
1070,1070,P3,4/20/20,10.0089
1071,1071,P3,4/30/20,21.1756
1072,1072,P3,5/6/20,28.2937
1073,1073,P3,5/13/20,9.644
1074,1074,P3,5/28/20,27.5898
1075,1075,P3,1/30/20,7.4094
1076,1076,P3,2/4/20,21.3204
1077,1077,P3,2/5/20,27.1367
1078,1078,P3,2/17/20,17.9604
1079,1079,P3,2/18/20,30.1108
1080,1080,P3,2/21/20,28.3261
1081,1081,P3,2/24/20,8.1642
1082,1082,P3,3/2/20,38.1917
1083,1083,P3,3/6/20,14.4345
1084,1084,P3,3/9/20,23.229
1085,1085,P3,3/11/20,26.36
1086,1086,P3,3/19/20,34.657
1087,1087,P3,3/25/20,31.716
1088,1088,P3,3/27/20,30.7484
1089,1089,P3,3/30/20,1.589
1090,1090,P3,3/31/20,32.3228
1091,1091,P3,4/7/20,37.1756
1092,1092,P3,4/9/20,36.4021
1093,1093,P3,4/15/20,10.5825
1094,1094,P3,4/20/20,10.1416
1095,1095,P3,4/30/20,10.0785
1096,1096,P3,5/6/20,16.9741
1097,1097,P3,5/13/20,18.2646
1098,1098,P3,5/28/20,11.6456
1099,1099,P3,1/30/20,37.9765
1100,1100,P3,2/4/20,25.5841
1101,1101,P3,2/5/20,27.589
1102,1102,P3,2/17/20,29.034
1103,1103,P3,2/18/20,1.5534
1104,1104,P3,2/21/20,19.7346
1105,1105,P3,2/24/20,16.1837
1106,1106,P3,3/2/20,2.2435
1107,1107,P3,3/6/20,14.9733
1108,1108,P3,3/9/20,30.2265
1109,1109,P3,3/11/20,31.1497
1110,1110,P3,3/19/20,37.9498
1111,1111,P3,3/25/20,26.2152
1112,1112,P3,3/27/20,2.1602
1113,1113,P3,3/30/20,22.0307
1114,1114,P3,3/31/20,28.1505
1115,1115,P3,4/7/20,9.3568
1116,1116,P3,4/9/20,33.4231
1117,1117,P3,4/15/20,37.0712
1118,1118,P3,4/20/20,31.6917
1119,1119,P3,4/30/20,40.1262
1120,1120,P3,5/6/20,26.1343
1121,1121,P3,5/13/20,14.5987
1122,1122,P3,5/28/20,34.839
1123,1123,P3,1/30/20,18.0785
1124,1124,P3,2/4/20,18.2346
1125,1125,P3,2/5/20,40.3544
1126,1126,P3,2/17/20,4.6683
1127,1127,P3,2/18/20,9.2403
1128,1128,P3,2/21/20,6.6383
1129,1129,P3,2/24/20,34.1926
1130,1130,P3,3/2/20,19.9992
1131,1131,P3,3/6/20,15.479
1132,1132,P3,3/9/20,15.0372
1133,1133,P3,3/11/20,21.8892
1134,1134,P3,3/19/20,27.9943
1135,1248,P3,3/25/20,28.4458
1136,1248,P3,3/27/20,17.0502
1137,1248,P3,3/30/20,22.9434
1138,1248,P3,3/31/20,38.6181
1139,1248,P3,4/7/20,2.8083
1140,1248,P3,4/9/20,17.5833
1141,1248,P3,4/15/20,3.2929
1142,1248,P3,1/30/20,6.9571
1143,1248,P3,2/4/20,40.2152
1144,1248,P3,2/5/20,11.5356
1145,1248,P3,2/17/20,9.0542
1146,1248,P3,2/18/20,12.2702
1147,1248,P3,2/21/20,39.7184
1148,1248,P3,2/24/20,39.5995
1149,1248,P3,3/2/20,20.9086
1150,1248,P3,3/6/20,20.3511
1151,1248,P3,3/9/20,31.3989
1152,1248,P3,3/11/20,30.9134
1153,1248,P3,3/19/20,38.6513
1154,1248,P3,3/25/20,0.3786
1155,1248,P3,3/27/20,10.2193
1156,1248,P3,3/30/20,1.8697
1157,1248,P3,3/31/20,18.165
1158,1248,P3,4/7/20,17.267
1159,1248,P3,4/9/20,27.966
1160,1248,P3,4/15/20,12.0477
1161,1248,P3,4/20/20,13.5186
1162,1248,P3,4/30/20,5.3107
1163,1248,P3,5/6/20,18.1189
1164,1248,P1,5/13/20,6.8649
1165,1248,P1,5/28/20,20.2929
1166,1248,P1,1/30/20,20.3447
1167,1248,P1,2/4/20,22.6691
1168,1248,P1,2/5/20,0.1165
1169,1248,P1,2/17/20,1.9086
1170,1248,P1,2/18/20,3.6958
1171,1248,P1,2/21/20,11.9846
1172,1248,P1,2/24/20,27.2824
1173,1248,P1,3/2/20,21.949
1174,1248,P1,3/6/20,10.2549
1175,1248,P1,3/9/20,37.6934
1176,1248,P1,3/11/20,4.2071
1177,1248,P1,3/19/20,17.5194
1178,1248,P1,3/25/20,4.7743
1179,1248,P1,3/27/20,11.1634
1180,1248,P1,3/30/20,30.5429
1181,1248,P1,3/31/20,20.4482
1182,1248,P1,4/7/20,9.5696
1183,1248,P1,4/9/20,15.0898
1184,1248,P1,4/15/20,34.3948
1185,1248,P1,4/20/20,30.665
1186,1248,P1,4/30/20,16.5736
1187,1248,P1,5/6/20,17.0372
1188,1248,P1,5/13/20,3.4968
1189,1248,P1,5/28/20,25.7856
1190,1248,P1,1/30/20,15.0704
1191,1248,P1,2/4/20,16.6408
1192,1248,P1,2/5/20,39.8277
1193,1248,P1,2/17/20,2.1214
1194,1248,P1,2/18/20,14.7354
1195,1248,P1,2/21/20,9.9442
1196,1248,P1,2/24/20,23.9539
1197,1248,P1,3/2/20,7.3972
1198,1248,P1,3/6/20,24.7128
1199,1248,P1,3/9/20,28.8883
1200,1248,P1,3/11/20,33.9409
1201,1248,P1,3/19/20,24.1626
1202,1248,P1,3/25/20,10.4903
1203,1248,P1,3/27/20,8.7921
1204,1248,P1,3/30/20,29.7589
1205,1248,P1,3/31/20,13.8099
1206,1248,P1,4/7/20,31.6157
1207,1248,P1,4/9/20,34.5817
1208,1248,P1,4/15/20,3.9013
1209,1248,P1,4/20/20,22.6464
1210,1248,P1,4/30/20,11.2565
1211,1248,P1,5/6/20,13.038
1212,1248,P1,5/13/20,36.6028
1213,1248,P1,5/28/20,30.7508
1214,1248,P1,1/30/20,28.0963
1215,1248,P1,2/4/20,7.4733
1216,1248,P1,2/5/20,6.5704
1217,1248,P1,2/17/20,16.3301
1218,1248,P1,2/18/20,24.1934
1219,1248,P1,2/21/20,24.9693
1220,1248,P1,2/24/20,8.5841
1221,1248,P1,3/2/20,17.1367
1222,1248,P1,3/6/20,24.1748
1223,1248,P1,3/9/20,39.0906
1224,1248,P1,3/11/20,23.2346
1225,1248,P1,3/19/20,16.3948
1226,1248,P1,3/25/20,36.1351
1227,1248,P1,3/27/20,16.89
1228,1248,P1,3/30/20,23.4231
1229,1248,P1,3/31/20,40.1246
1230,1248,P1,4/7/20,25.517
1231,1248,P1,4/9/20,19.1707
1232,1248,P1,4/15/20,11.7807
1233,1248,P1,4/20/20,9.3115
1234,1248,P1,4/30/20,16.7508
1235,1248,P1,5/6/20,25.5809
1236,1248,P1,5/13/20,21.5995
1237,1248,P1,5/28/20,7.6133
1238,1248,P1,1/30/20,23.2759
1239,1248,P1,2/4/20,10.5008
1240,1248,P1,2/5/20,6.2654
1241,1248,P1,2/17/20,24.5607
1242,1248,P1,2/18/20,6.1003
1243,1248,P1,2/21/20,11.5032
1244,1248,P1,2/24/20,23.14
1245,1248,P1,3/2/20,12.0963
1246,1248,P1,3/6/20,20.9118
1247,1248,P1,3/9/20,34.2743
1248,1248,P1,3/11/20,35.0898
1249,1248,P1,3/19/20,14.3584
1250,1248,P1,3/25/20,4.0979
1251,1248,P1,3/27/20,27.0518
1252,1248,P1,3/30/20,6.8981
1253,1248,P1,3/31/20,18.8374
1254,1248,P1,4/7/20,16.0785
1255,1248,P1,4/9/20,4.3026
1256,1248,P1,4/15/20,22.1942
1257,1248,P1,4/20/20,5.2532
1258,1248,P1,4/30/20,9.0623
1259,1248,P1,5/6/20,23.6675
1260,1248,P1,5/13/20,5.1157
1261,1248,P1,5/28/20,5.2104
1262,1248,P1,1/30/20,0.6602
1263,1248,P1,2/4/20,35.7791
1264,1248,P1,2/5/20,22.2816
1265,1248,P1,2/17/20,37.4741
1266,1248,P1,2/18/20,21.4256
1267,1248,P1,2/21/20,8.5995
1268,1248,P1,2/24/20,35.0227
1269,1248,P1,3/2/20,23.5097
1270,1248,P1,3/6/20,27.5639
1271,1248,P1,3/9/20,26.4134
1272,1248,P1,3/11/20,21.1092
1273,1248,P1,3/19/20,26.5979
1274,1248,P1,3/25/20,1.5283
1275,1248,P1,3/27/20,6.7403
1276,1248,P1,3/30/20,0.0777
1277,1248,P1,3/31/20,33.3309
1278,1248,P1,4/7/20,22.2168
1279,1248,P1,4/9/20,27.3147
1280,1248,P1,4/15/20,36.0194
1281,1248,P1,4/20/20,34.4021
1282,1248,P1,4/30/20,26.5631
1283,1248,P1,5/6/20,20.0057
1284,1248,P1,5/13/20,25.6869
1285,1248,P1,5/28/20,7.873
1286,1248,P1,1/30/20,11.5218
1287,1248,P1,2/4/20,24.0307
1288,1248,P1,2/5/20,15.932
1289,1248,P1,2/17/20,19.034
1290,1248,P1,2/18/20,28.5461
1291,1248,P1,2/21/20,3.1367
1292,1248,P1,2/24/20,10.2678
1293,1248,P1,3/2/20,29.2411
1294,1248,P1,3/6/20,18.7201
1295,1248,P1,3/9/20,32.1472
1296,1248,P1,3/11/20,33.2557
1297,1248,P1,3/19/20,8.1392
1298,1248,P1,3/25/20,30.7921
1299,1248,P1,3/27/20,8.0728
1300,1248,P1,3/30/20,11.8584
1301,1248,P1,3/31/20,35.1133
1302,1248,P1,4/7/20,28.3018
1303,1248,P1,4/9/20,18.2816
1304,1248,P1,4/15/20,32.5769
1305,1248,P1,1/30/20,13.822
1306,1248,P1,2/4/20,36.229
1307,1248,P1,2/5/20,15.3358
1308,1248,P1,2/17/20,15.1359
1309,1248,P1,2/18/20,14.449
1310,1248,P1,2/21/20,9.4806
1311,1248,P1,2/24/20,6.699
1312,1248,P1,3/2/20,12.2994
1313,1248,P1,3/6/20,34.9992
1314,1248,P1,3/9/20,21.572
1315,1248,P1,3/11/20,31.6335
1316,1248,P1,3/19/20,0.8956
1317,1248,P1,3/25/20,28.1578
1318,1248,P1,3/27/20,5.2015
1319,1248,P1,3/30/20,22.3989
1320,1248,P1,3/31/20,24.5364
1321,1248,P1,4/7/20,36.0202
1322,1248,P1,4/9/20,18.3244
1323,1248,P1,4/15/20,5.9191
1324,1248,P1,4/20/20,18.9976
1325,1248,P1,4/30/20,9.9595
1326,1248,P1,5/6/20,0.8293
1327,1248,P1,5/13/20,16.8697
1328,1248,P1,5/28/20,10.3948
1329,1248,P1,1/30/20,26.6278
1330,1248,P1,2/4/20,21.4037
1331,1248,P1,2/5/20,12.6691
1332,1248,P1,2/17/20,22.7435
1333,1248,P1,2/18/20,22.8552
1334,1248,P1,2/21/20,35.394
1335,1248,P1,2/24/20,3.5477
1336,1248,P1,3/2/20,29.4798
1337,1248,P1,3/6/20,9.4976
1338,1248,P1,3/9/20,38.1998
1339,1248,P1,3/11/20,1.3956
1340,1248,P1,3/19/20,13.8244
1341,1248,P1,3/25/20,17.9094
1342,1248,P1,3/27/20,0.6011
1343,1248,P1,3/30/20,38.0008
1344,1248,P1,3/31/20,17.411
1345,1248,P1,4/7/20,10.051
1346,1248,P1,4/9/20,35.5599
1347,1248,P1,4/15/20,34.6715
1348,1248,P1,4/20/20,26.7484
1349,1349,P1,4/30/20,19.5696
1350,1350,P1,5/6/20,39.8592
1351,1351,P1,5/13/20,14.2816
1352,1352,P1,5/28/20,25.7071
1353,1353,P1,1/30/20,23.6505
1354,1354,P1,2/4/20,13.0955
1355,1355,P1,2/5/20,22.4183
1356,1356,P1,2/17/20,35.4879
1357,1357,P1,2/18/20,27.3568
1358,1358,P1,2/21/20,38.7314
1359,1359,P1,2/24/20,8.3568
1360,1360,P1,3/2/20,27.0235
1361,1361,P1,3/6/20,23.195
1362,1362,P1,3/9/20,25.8285
1363,1363,P1,3/11/20,11.7265
1364,1364,P1,3/19/20,8.8196
1365,1365,P1,3/25/20,35.5502
1366,1366,P1,3/27/20,12.3665
1367,1367,P1,3/30/20,25.7387
1368,1368,P1,3/31/20,33.9871
1369,1369,P1,4/7/20,2.9515
1370,1370,P1,4/9/20,17.0453
1371,1371,P1,4/15/20,17.1893
1372,1372,P1,4/20/20,36.7419
1373,1373,P1,4/30/20,7.0655
1374,1374,P1,5/6/20,29.1141
1375,1375,P1,5/13/20,16.6141
1376,1376,P1,5/28/20,21.3964
1377,1377,P1,1/30/20,13.2718
1378,1378,P1,2/4/20,8.8074
1379,1379,P1,2/5/20,30.9029
1380,1380,P1,2/17/20,14.3422
1381,1381,P1,2/18/20,22.1117
1382,1382,P1,2/21/20,19.3503
1383,1383,P1,2/24/20,15.8439
1384,1384,P1,3/2/20,27.1011
1385,1385,P1,3/6/20,10.1764
1386,1386,P1,3/9/20,21.9434
1387,1387,P1,3/11/20,13.5833
1388,1388,P1,3/19/20,4.4434
1389,1389,P1,3/25/20,31.1812
1390,1390,P1,3/27/20,6.0259
1391,1391,P1,3/30/20,35.9709
1392,1392,P1,3/31/20,4.0413
1393,1393,P1,4/7/20,1.8309
1394,1394,P1,4/9/20,5.1748
1395,1395,P1,4/15/20,3.0332
1396,1396,P1,4/20/20,37.788
1397,1397,P1,4/30/20,23.3697
1398,1398,P1,5/6/20,15.229
1399,1399,P1,5/13/20,29.1408
1400,1400,P1,5/28/20,9.894
1401,1401,P1,1/30/20,27.7791
1402,1402,P1,2/4/20,29.7055
1403,1403,P1,2/5/20,21.0574
1404,1404,P1,2/17/20,11.3552
1405,1405,P1,2/18/20,17.3883
1406,1406,P1,2/21/20,15.5316
1407,1407,P1,2/24/20,2.093
1408,1408,P1,3/2/20,2.8617
1409,1409,P1,3/6/20,34.6828
1410,1410,P1,3/9/20,6.9458
1411,1411,P1,3/11/20,5.0008
1412,1412,P1,3/19/20,18.8778
1413,1413,P1,3/25/20,2.3341
1414,1414,P1,3/27/20,18.7994
1415,1415,P1,3/30/20,15.7929
1416,1416,P1,3/31/20,7.6998
1417,1417,P1,4/7/20,13.1837
1418,1418,P1,4/9/20,11.8366
1419,1419,P1,4/15/20,5.085
1420,1420,P1,4/20/20,27.5073
1421,1421,P1,4/30/20,18.6125
1422,1422,P1,5/6/20,36.2702
1423,1423,P1,5/13/20,37.7395
1424,1424,P1,5/28/20,11.1877
1425,1425,P1,1/30/20,26.8681
1426,1426,P1,2/4/20,25.9175
1427,1427,P1,2/5/20,39.8924
1428,1428,P1,2/17/20,37.1578
1429,1429,P1,2/18/20,8.1125
1430,1430,P1,2/21/20,12.2953
1431,1431,P1,2/24/20,32.0882
1432,1432,P1,3/2/20,32.6594
1433,1433,P1,3/6/20,3.0566
1434,1434,P1,3/9/20,30.4951
1435,1435,P1,3/11/20,30.1497
1436,1436,P1,3/19/20,26.4757
1437,1437,P1,3/25/20,36.3519
1438,1438,P1,3/27/20,14.3778
1439,1439,P1,3/30/20,9.7532
1440,1440,P1,3/31/20,21.8269
1441,1441,P1,4/7/20,28.1772
1442,1442,P1,4/9/20,6.3333
1443,1443,P1,4/15/20,20.6084
1444,1444,P1,4/20/20,7.8309
1445,1445,P1,4/30/20,5.5453
1446,1446,P1,5/6/20,4.8309
1447,1248,P1,5/13/20,32.8495
1448,1248,P1,5/28/20,13.627
1449,1248,P1,1/30/20,36.894
1450,1248,P1,2/4/20,35.665
1451,1248,P1,2/5/20,7.3366
1452,1248,P1,2/17/20,17.3018
1453,1248,P1,2/18/20,14.8309
1454,1248,P1,2/21/20,18.7071
1455,1248,P1,2/24/20,39.4652
1456,1248,P1,3/2/20,1.1044
1457,1248,P1,3/6/20,12.0963
1458,1248,P1,3/9/20,24.9005
1459,1248,P1,3/11/20,12.0979
1460,1248,P1,3/19/20,33.983
1461,1248,P1,3/25/20,21.3333
1462,1248,P1,3/27/20,2.695
1463,1248,P1,3/30/20,32.9005
1464,1248,P1,3/31/20,9.1942
1465,1248,P1,4/7/20,22.4377
1466,1248,P1,4/9/20,17.7354
1467,1248,P1,4/15/20,32.8997
1468,1248,P1,1/30/20,5.4458
1469,1248,P1,2/4/20,38.5283
1470,1248,P1,2/5/20,0.6351
1471,1248,P1,2/17/20,36.3301
1472,1248,P1,2/18/20,19.1942
1473,1248,P1,2/21/20,13.1691
1474,1248,P1,2/24/20,3.9951
1475,1248,P1,3/2/20,22.9328
1476,1248,P1,3/6/20,38.5477
1477,1248,P1,3/9/20,20.2484
1478,1248,P1,3/11/20,13.7298
1479,1248,P1,3/19/20,14.1828
1480,1248,P1,3/25/20,27.7039
1481,1248,P1,3/27/20,11.1173
1482,1248,P1,3/30/20,35.8819
1483,1248,P1,3/31/20,8.0712
1484,1248,P1,4/7/20,24.1311
1485,1248,P1,4/9/20,24.4684
1486,1248,P1,4/15/20,26.4676
1487,1248,P1,4/20/20,17.1715
1488,1248,P1,4/30/20,22.5566
1489,1248,P1,5/6/20,24.3673
1490,1248,P1,5/13/20,28.1497
1491,1248,P1,5/28/20,7.0299
1492,1248,P1,1/30/20,6.3487
1493,1248,P1,2/4/20,0.1464
1494,1248,P1,2/5/20,31.3681
1495,1248,P1,2/17/20,39.5874
1496,1248,P1,2/18/20,23.8835
1497,1248,P1,2/21/20,27.572
1498,1248,P1,2/24/20,12.5186
1499,1248,P1,3/2/20,34.9523
1500,1248,P1,3/6/20,27.3738
1501,1248,P1,3/9/20,39.3908
1502,1248,P1,3/11/20,19.1642
1503,1248,P1,3/19/20,24.5307
1504,1248,P1,3/25/20,24.7468
1505,1248,P1,3/27/20,15.106
1506,1248,P1,3/30/20,32.3269
1507,1248,P1,3/31/20,38.4377
1508,1248,P1,4/7/20,20.6181
1509,1248,P1,4/9/20,38.1707
1510,1248,P1,4/15/20,11.6626
1511,1248,P1,4/20/20,38.1011
1512,1248,P1,4/30/20,36.9078
1513,1248,P1,5/6/20,17.928
1514,1248,P1,5/13/20,4.7872
1515,1248,P1,5/28/20,38.085
1516,1248,P1,1/30/20,0.9167
1517,1248,P1,2/4/20,25.0429
1518,1248,P1,2/5/20,18.0437
1519,1248,P1,2/17/20,36.0194
1520,1248,P1,2/18/20,8.0534
1521,1248,P1,2/21/20,15.9968
1522,1248,P1,2/24/20,6.5065
1523,1248,P1,3/2/20,4.3989
1524,1248,P1,3/6/20,10.5995
1525,1248,P1,3/9/20,33.4417
1526,1248,P1,3/11/20,36.9409
1527,1248,P1,3/19/20,39.5388
1528,1248,P1,3/25/20,16.9628
1529,1248,P1,3/27/20,6.2144
1530,1248,P1,3/30/20,15.7055
1531,1248,P1,3/31/20,6.7977
1532,1248,P1,4/7/20,13.0356
1533,1248,P1,4/9/20,16.5647
1534,1248,P1,4/15/20,9.7896
1535,1248,P1,4/20/20,12.7638
1536,1248,P1,4/30/20,7.8503
1537,1248,P1,5/6/20,34.2451
1538,1248,P1,5/13/20,15.6796
1539,1248,P1,5/28/20,21.3972
1540,1248,P1,1/30/20,0.0243
1541,1248,P1,2/4/20,25.0558
1542,1248,P1,2/5/20,26.3544
1543,1248,P1,2/17/20,38.6157
1544,1248,P1,2/18/20,39.2168
1545,1248,P1,2/21/20,12.5882
1546,1248,P1,2/24/20,0.4256
1547,1248,P1,3/2/20,15.2233
1548,1248,P1,3/6/20,5.7379
1549,1248,P1,3/9/20,0.1756
1550,1248,P1,3/11/20,31.1934
1551,1248,P1,3/19/20,19.8099
1552,1248,P1,3/25/20,3.1634
1553,1248,P1,3/27/20,7.3932
1554,1248,P1,3/30/20,34.0081
1555,1248,P1,3/31/20,33.1561
1556,1248,P1,4/7/20,26.7055
1557,1248,P1,4/9/20,5.0113
1558,1248,P1,4/15/20,22.6497
1559,1248,P1,4/20/20,29.7314
1560,1248,P1,4/30/20,14.5979
1561,1248,P1,5/6/20,22.2872
1562,1248,P1,5/13/20,32.4717
1563,1248,P1,5/28/20,16.0841
1564,1248,P1,1/30/20,3.746
1565,1248,P1,2/4/20,26.5485
1566,1248,P1,2/5/20,10.4895
1567,1248,P1,2/17/20,29.055
1568,1248,P1,2/18/20,19.9256
1569,1248,P1,2/21/20,23.1019
1570,1248,P1,2/24/20,1.5332
1571,1248,P1,3/2/20,20.5955
1572,1248,P1,3/6/20,38.4134
1573,1248,P1,3/9/20,19.5324
1574,1248,P1,3/11/20,7.6828
1575,1248,P1,3/19/20,0.0227
1576,1248,P1,3/25/20,28.9571
1577,1248,P1,3/27/20,17.1837
1578,1248,P1,3/30/20,14.3188
1579,1248,P1,3/31/20,36.2921
1580,1248,P1,4/7/20,17.1837
1581,1248,P1,4/9/20,11.6019
1582,1248,P1,4/15/20,25.0583
1583,1248,P1,4/20/20,26.7977
1584,1248,P1,4/30/20,0.1489
1585,1248,P4,5/6/20,25.1845
1586,1248,P4,5/13/20,39.5348
1587,1248,P4,5/28/20,21.4498
1588,1248,P4,1/30/20,16.7516
1589,1248,P4,2/4/20,25.2549
1590,1248,P4,2/5/20,24.8544
1591,1248,P4,2/17/20,38.4773
1592,1248,P4,2/18/20,0.9951
1593,1248,P4,2/21/20,23.9854
1594,1248,P4,2/24/20,24.8018
1595,1248,P4,3/2/20,31.5809
1596,1248,P4,3/6/20,19.996
1597,1248,P4,3/9/20,28.0008
1598,1248,P4,3/11/20,36.5477
1599,1248,P4,3/19/20,28.3066
1600,1248,P4,3/25/20,39.8503
1601,1248,P4,3/27/20,38.1149
1602,1248,P4,3/30/20,1.9935
1603,1248,P4,3/31/20,13.7945
1604,1124,P4,4/7/20,7.6489
1605,1124,P4,4/9/20,13.0526
1606,1124,P4,4/15/20,19.6998
1607,1124,P4,4/20/20,13.8997
1608,1124,P4,4/30/20,13.7549
1609,1248,P4,5/6/20,10.5275
1610,1248,P4,5/13/20,11.9474
1611,1248,P4,5/28/20,6.3754
1612,1248,P4,1/30/20,39.0032
1613,1248,P4,2/4/20,2.9369
1614,1248,P4,2/5/20,20.7273
1615,1248,P4,2/17/20,27.4159
1616,1248,P4,2/18/20,12.3738
1617,1248,P4,2/21/20,0.4668
1618,1248,P4,2/24/20,37.2023
1619,1248,P4,3/2/20,28.3786
1620,1248,P4,3/6/20,16.4733
1621,1248,P4,3/9/20,32.1853
1622,1248,P4,3/11/20,31.5712
1623,1248,P4,3/19/20,7.695
1624,1248,P4,3/25/20,10.9943
1625,1248,P4,3/27/20,31.7249
1626,1248,P4,3/30/20,29.7516
1627,1248,P4,3/31/20,35.157
1628,1248,P4,4/7/20,17.8066
1629,1248,P4,4/9/20,3.8633
1630,1248,P4,4/15/20,23.9717
1631,1248,P4,1/30/20,14.8689
1632,1248,P4,2/4/20,3.1626
1633,1248,P4,2/5/20,7.2686
1634,1248,P4,2/17/20,37.8172
1635,1248,P4,2/18/20,27.2937
1636,1248,P4,2/21/20,7.4862
1637,1248,P4,2/24/20,15.7265
1638,1248,P4,3/2/20,1.7346
1639,1248,P4,3/6/20,22.9094
1640,1248,P4,3/9/20,33.3309
1641,1248,P4,3/11/20,28.4992
1642,1248,P4,3/19/20,14.5032
1643,1248,P4,3/25/20,26.6974
1644,1248,P4,3/27/20,28.6845
1645,1248,P4,3/30/20,2.6804
1646,1248,P4,3/31/20,22.034
1647,1248,P4,4/7/20,9.8309
1648,1248,P4,4/9/20,27.8439
1649,1248,P4,4/15/20,33.017
1650,1248,P4,4/20/20,27.8317
1651,1248,P4,4/30/20,34.0728
1652,1248,P4,5/6/20,12.2597
1653,1248,P4,5/13/20,39.0113
1654,1248,P4,5/28/20,17.555
1655,1248,P4,1/30/20,10.4296
1656,1248,P4,2/4/20,37.4426
1657,1248,P4,2/5/20,10.6788
1658,1248,P4,2/17/20,39.6877
1659,1248,P4,2/18/20,37.8269
1660,1248,P4,2/21/20,9.6764
1661,1248,P4,2/24/20,18.8706
1662,1248,P4,3/2/20,38.9676
1663,1248,P4,3/6/20,38.3196
1664,1248,P4,3/9/20,19.2896
1665,1248,P4,3/11/20,31.3738
1666,1248,P4,3/19/20,37.8786
1667,1248,P4,3/25/20,11.2104
1668,1248,P4,3/27/20,24.6456
1669,1248,P4,3/30/20,14.2759
1670,1248,P4,3/31/20,0.64
1671,1248,P4,4/7/20,25.2249
1672,1248,P4,4/9/20,21.3568
1673,1248,P4,4/15/20,26.5526
1674,1248,P4,4/20/20,19.7759
1675,1248,P4,4/30/20,26.9191
1676,1248,P4,5/6/20,23.0688
1677,1248,P4,5/13/20,1.5162
1678,1248,P4,5/28/20,38.2451
1679,1248,P4,1/30/20,11.1432
1680,1248,P4,2/4/20,14.551
1681,1248,P4,2/5/20,19.979
1682,1248,P4,2/17/20,2.657
1683,1248,P4,2/18/20,2.0227
1684,1248,P4,2/21/20,4.161
1685,1248,P4,2/24/20,22.2937
1686,1248,P4,3/2/20,25.14
1687,1248,P4,3/6/20,32.6974
1688,1248,P4,3/9/20,26.7605
1689,1248,P4,3/11/20,23.0291
1690,1248,P4,3/19/20,9.3317
1691,1248,P4,3/25/20,32.661
1692,1248,P4,3/27/20,24.7597
1693,1248,P4,3/30/20,31.7411
1694,1248,P4,3/31/20,0.5663
1695,1248,P4,4/7/20,25.729
1696,1248,P4,4/9/20,0.5939
1697,1248,P4,4/15/20,31.7427
1698,1248,P4,4/20/20,35.7516
1699,1248,P4,4/30/20,5.3285
1700,1248,P4,5/6/20,39.8762
1701,1701,P4,5/13/20,2.432
1702,1702,P4,5/28/20,9.5995
1703,1703,P4,1/30/20,9.4531
1704,1704,P4,2/4/20,39.1998
1705,1705,P4,2/5/20,26.9709
1706,1706,P4,2/17/20,24.9401
1707,1707,P4,2/18/20,27.9927
1708,1708,P4,2/21/20,7.8447
1709,1709,P4,2/24/20,29.318
1710,1710,P4,3/2/20,27.462
1711,1711,P4,3/6/20,29.2387
1712,1712,P4,3/9/20,2.3932
1713,1713,P4,3/11/20,34.6909
1714,1714,P4,3/19/20,32.216
1715,1715,P4,3/25/20,13.7128
1716,1716,P4,3/27/20,11.0526
1717,1717,P4,3/30/20,15.1117
1718,1718,P4,3/31/20,2.4037
1719,1719,P4,4/7/20,14.5388
1720,1720,P4,4/9/20,30.8722
1721,1721,P4,4/15/20,3.9765
1722,1722,P4,4/20/20,32.1286
1723,1723,P4,4/30/20,27.4223
1724,1724,P4,5/6/20,40.3139
1725,1725,P4,5/13/20,0.254
1726,1726,P4,5/28/20,1.0534
1727,1727,P4,1/30/20,18.2209
1728,1728,P4,2/4/20,30.0906
1729,1729,P4,2/5/20,35.9693
1730,1730,P4,2/17/20,5.5421
1731,1731,P4,2/18/20,39.25
1732,1732,P4,2/21/20,24.483
1733,1733,P4,2/24/20,9.7476
1734,1734,P4,3/2/20,10.7638
1735,1735,P4,3/6/20,35.6416
1736,1736,P4,3/9/20,3.4434
1737,1737,P4,3/11/20,30.7629
1738,1738,P4,3/19/20,7.9773
1739,1739,P4,3/25/20,34.8714
1740,1740,P4,3/27/20,21.915
1741,1741,P4,3/30/20,12.0445
1742,1742,P4,3/31/20,1.9215
1743,1743,P4,4/7/20,8.5647
1744,1744,P4,4/9/20,2.7314
1745,1745,P4,4/15/20,20.9126
1746,1746,P4,4/20/20,27.8584
1747,1747,P4,4/30/20,3.1303
1748,1748,P4,5/6/20,16.2985
1749,1749,P4,5/13/20,4.3471
1750,1750,P4,5/28/20,0.7589
1751,1751,P4,1/30/20,8.7104
1752,1752,P4,2/4/20,27.6634
1753,1753,P4,2/5/20,38.5906
1754,1754,P4,2/17/20,1.2152
1755,1755,P4,2/18/20,15.2087
1756,1756,P4,2/21/20,1.6998
1757,1757,P4,2/24/20,19.0623
1758,1758,P4,3/2/20,10.6974
1759,1759,P4,3/6/20,22.5194
1760,965,P4,3/9/20,31.1756
1761,966,P4,3/11/20,35.1788
1762,967,P4,3/19/20,2.6699
1763,968,P4,3/25/20,17.5057
1764,969,P4,3/27/20,20.8341
1765,970,P4,3/30/20,35.432
1766,971,P4,3/31/20,25.5372
1767,972,P4,4/7/20,21.1456
1768,973,P4,4/9/20,27.0979
1769,974,P4,4/15/20,40.1626
1770,975,P4,4/20/20,22.9248
1771,976,P4,4/30/20,29.4684
1772,977,P4,5/6/20,16.7532
1773,978,P4,5/13/20,38.4668
1774,979,P4,5/28/20,29.9628
1775,980,P4,1/30/20,40.0672
1776,981,P4,2/4/20,12.1513
1777,982,P4,2/5/20,33.3746
1778,983,P4,2/17/20,30.0542
1779,984,P4,2/18/20,28.0623
1780,985,P4,2/21/20,15.6133
1781,986,P4,2/24/20,30.9927
1782,987,P4,3/2/20,8.3916
1783,988,P4,3/6/20,13.14
1784,989,P4,3/9/20,39.1537
1785,990,P4,3/11/20,7.2694
1786,991,P4,3/19/20,24.2233
1787,992,P4,3/25/20,18.4992
1788,993,P4,3/27/20,39.2662
1789,994,P4,3/30/20,6.0089
1790,995,P4,3/31/20,20.5202
1791,996,P4,4/7/20,0.9159
1792,997,P4,4/9/20,6.2427
1793,998,P4,4/15/20,27.7023
1794,999,P4,1/30/20,6.6926
1795,1000,P4,2/4/20,15.4587
1796,1001,P4,2/5/20,21.6739
1797,1002,P4,2/17/20,28.8819
1798,1003,P4,2/18/20,2.2913
1799,1004,P4,2/21/20,38.1092
1800,1005,P4,2/24/20,7.4741
1801,1006,P4,3/2/20,40.2346
1802,1007,P4,3/6/20,12.2346
1803,1008,P4,3/9/20,6.0947
1804,1009,P4,3/11/20,27.0421
1805,1010,P4,3/19/20,14.2015
1806,1011,P4,3/25/20,24.2193
1807,1012,P4,3/27/20,7.8519
1808,1013,P4,3/30/20,16.1537
1809,1014,P4,3/31/20,18.7508
1810,1015,P4,4/7/20,34.9862
1811,1016,P4,4/9/20,10.2718
1812,1017,P4,4/15/20,1.0704
1813,1018,P4,4/20/20,20.7516
1814,1019,P4,4/30/20,22.3843
1815,1020,P4,5/6/20,35.4547
1816,1021,P4,5/13/20,12.4256
1817,1022,P4,5/28/20,28.7597
1818,1023,P4,1/30/20,27.8706
1819,1024,P4,2/4/20,28.2597
1820,1025,P4,2/5/20,31.7306
1821,1026,P4,2/17/20,4.1448
1822,1027,P4,2/18/20,34.9862
1823,1028,P4,2/21/20,32.3495
1824,1029,P4,2/24/20,19.983
1825,1030,P4,3/2/20,26.0777
1826,1031,P4,3/6/20,11.6068
1827,1032,P4,3/9/20,36.5809
1828,1033,P4,3/11/20,8.7985
1829,1034,P4,3/19/20,31.754
1830,1035,P4,3/25/20,9.2775
1831,1036,P4,3/27/20,5.7023
1832,1037,P4,3/30/20,25.5526
1833,1038,P4,3/31/20,39.8706
1834,1039,P4,4/7/20,23.8641
1835,1040,P4,4/9/20,25.7298
1836,1041,P4,4/15/20,23.085
1837,1042,P4,4/20/20,34.2184
1838,1043,P4,4/30/20,31.8204
1839,1044,P4,5/6/20,34.1505
1840,1045,P4,5/13/20,27.6756
1841,1046,P4,5/28/20,18.6618
1842,1047,P4,1/30/20,17.1262
1843,1048,P4,2/4/20,34.4515
1844,1049,P4,2/5/20,24.4183
1845,1050,P4,2/17/20,21.4256
1846,1051,P4,2/18/20,32.8293
1847,1052,P4,2/21/20,35.3123
1848,1053,P4,2/24/20,8.4604
1849,1054,P4,3/2/20,16.6278
1850,1055,P4,3/6/20,31.0736
1851,1056,P4,3/9/20,3.6812
1852,1057,P4,3/11/20,28
1853,1058,P4,3/19/20,21.877
1854,1059,P4,3/25/20,7.0752
1855,1060,P4,3/27/20,33.339
1856,1061,P4,3/30/20,7.5396
1857,1062,P4,3/31/20,26.5299
1858,1063,P4,4/7/20,24.5922
1859,1064,P4,4/9/20,3.6197
1860,1065,P4,4/15/20,32.301
1861,1066,P4,4/20/20,7.2945
1862,1067,P4,4/30/20,20.0186
1863,1068,P4,5/6/20,7.1036
1864,1069,P4,5/13/20,28.3236
1865,1070,P4,5/28/20,5.0364
1866,1071,P4,1/30/20,8.8139
1867,1072,P4,2/4/20,6.9595
1868,1073,P4,2/5/20,11.5186
1869,1074,P4,2/17/20,3.2468
1870,1075,P4,2/18/20,13.4822
1871,1076,P4,2/21/20,6.4668
1872,1077,P4,2/24/20,17.2621
1873,1078,P4,3/2/20,4.3617
1874,1079,P4,3/6/20,33.7136
1875,1080,P4,3/9/20,17.4725
1876,1081,P4,3/11/20,28.9231
1877,1082,P4,3/19/20,10.7492
1878,1083,P4,3/25/20,27.3892
1879,1084,P4,3/27/20,35.8066
1880,1085,P4,3/30/20,4.3803
1881,1086,P4,3/31/20,37.3948
1882,1087,P4,4/7/20,18.8827
1883,1088,P1,4/9/20,7.9159
1884,1089,P1,4/15/20,32.61
1885,1090,P1,4/20/20,27.2678
1886,1091,P1,4/30/20,7.6505
1887,1092,P1,5/6/20,30.9644
1888,1093,P1,5/13/20,39.1561
1889,1094,P1,5/28/20,11.6982
1890,1095,P1,1/30/20,9.3277
1891,1096,P1,2/4/20,26.5874
1892,1097,P1,2/5/20,29.9005
1893,1098,P1,2/17/20,28.6303
1894,1099,P1,2/18/20,8.3236
1895,1100,P1,2/21/20,22.0032
1896,1101,P1,2/24/20,24.61
1897,1102,P1,3/2/20,40.2824
1898,1103,P1,3/6/20,19.322
1899,1104,P1,3/9/20,29.6788
1900,1105,P1,3/11/20,13.8325
1901,1106,P1,3/19/20,36.0817
1902,1107,P1,3/25/20,11.3325
1903,1108,P1,3/27/20,1.7767
1904,1109,P1,3/30/20,17.8252
1905,1110,P1,3/31/20,23.7176
1906,1111,P1,4/7/20,14.8843
1907,1112,P1,4/9/20,19.7775
1908,1113,P1,4/15/20,30.2581
1909,1114,P1,4/20/20,22.466
1910,1115,P1,4/30/20,8.0882
1911,1116,P1,5/6/20,37.9976
1912,1117,P1,5/13/20,36.805
1913,1118,P1,5/28/20,27.6723
1914,1119,P1,1/30/20,28.3172
1915,1120,P1,2/4/20,26.5348
1916,1121,P1,2/5/20,29.5105
1917,1122,P1,2/17/20,4.5364
1918,1123,P1,2/18/20,13.9895
1919,1124,P1,2/21/20,14.2427
1920,1125,P1,2/24/20,37.7654
1921,1126,P1,3/2/20,22.2896
1922,1127,P1,3/6/20,30.8924
1923,1128,P1,3/9/20,35.2807
1924,1129,P1,3/11/20,22.1691
1925,1130,P1,3/19/20,4.3819
1926,1131,P1,3/25/20,26.1383
1927,1132,P1,3/27/20,13.9296
1928,1133,P1,3/30/20,32.4555
1929,1134,P1,3/31/20,6.216
1930,1135,P1,4/7/20,31.6594
1931,1136,P1,4/9/20,15.8697
1932,1137,P1,4/15/20,10.4239
1933,1138,P1,4/20/20,29.9272
1934,1139,P1,4/30/20,1.0793
1935,1140,P1,5/6/20,21.089
1936,983,P1,5/13/20,0.8867
1937,983,P1,5/28/20,24.4207
1938,983,P1,1/30/20,15.7468
1939,983,P1,2/4/20,35.8948
1940,983,P1,2/5/20,2.4078
1941,983,P1,2/17/20,20.5388
1942,983,P1,2/18/20,21.4733
1943,983,P1,2/21/20,30.6084
1944,983,P1,2/24/20,36.0995
1945,983,P1,3/2/20,19.0057
1946,983,P1,3/6/20,7.712
1947,983,P1,3/9/20,28.3341
1948,983,P1,3/11/20,25.877
1949,983,P1,3/19/20,30.8285
1950,983,P1,3/25/20,31.0113
1951,983,P1,3/27/20,6.3002
1952,983,P1,3/30/20,18.4078
1953,983,P1,3/31/20,20.9458
1954,983,P1,4/7/20,29.0494
1955,1160,P1,4/9/20,10.7476
1956,1161,P1,4/15/20,10.5518
1957,1162,P1,1/30/20,34.038
1958,1163,P1,2/4/20,39.1545
1959,1164,P1,2/5/20,10.9773
1960,1165,P1,2/17/20,35.1853
1961,1166,P1,2/18/20,1.9887
1962,1167,P1,2/21/20,29.0874
1963,1168,P1,2/24/20,28.6521
1964,1169,P1,3/2/20,12.0008
1965,1170,P1,3/6/20,25.1392
1966,1171,P1,3/9/20,32.1173
1967,1172,P1,3/11/20,17.9159
1968,1173,P1,3/19/20,4.534
1969,1174,P1,3/25/20,12.2937
1970,1175,P1,3/27/20,23.6019
1971,1176,P1,3/30/20,39.9304
1972,1177,P1,3/31/20,5.3673
1973,1178,P1,4/7/20,7.9159
1974,1179,P1,4/9/20,18.6958
1975,1180,P1,4/15/20,30.2872
1976,1181,P1,4/20/20,31.8794
1977,1182,P1,4/30/20,14.7727
1978,1183,P1,5/6/20,31.0299
1979,1184,P1,5/13/20,15.7411
1980,1185,P1,5/28/20,13.4353
1981,1186,P1,1/30/20,16.5631
1982,1187,P1,2/4/20,40.3042
1983,1188,P1,2/5/20,8.9312
1984,1189,P1,2/17/20,25.0801
1985,1190,P1,2/18/20,10.301
1986,1191,P1,2/21/20,27.6206
1987,1192,P1,2/24/20,0.8519
1988,1193,P1,3/2/20,17.6683
1989,1194,P1,3/6/20,25.4199
1990,1195,P1,3/9/20,33.1125
1991,1196,P1,3/11/20,7.7176
1992,1197,P1,3/19/20,37.2273
1993,1198,P1,3/25/20,31.8172
1994,1199,P1,3/27/20,27.288
1995,1200,P1,3/30/20,36.9676
1996,1201,P1,3/31/20,21.9693
1997,1202,P1,4/7/20,4.1497
1998,1203,P1,4/9/20,30.1432
1999,1204,P1,4/15/20,6.2241
2000,1205,P1,4/20/20,23.212
2001,1206,P1,4/30/20,33.5275
2002,1207,P1,5/6/20,5.2395
2003,1208,P1,5/13/20,8.6521
2004,1209,P1,5/28/20,25.0825
2005,1210,P1,1/30/20,18.2273
2006,1211,P1,2/4/20,0.3859
2007,1212,P1,2/5/20,23.7864
2008,1213,P1,2/17/20,39.5809
2009,1214,P1,2/18/20,23.0494
2010,1215,P1,2/21/20,21.7144
2011,1216,P1,2/24/20,1.1618
2012,1217,P1,3/2/20,16.5477
2013,1218,P1,3/6/20,35.7662
2014,1219,P1,3/9/20,23.6222
2015,1220,P1,3/11/20,18.0939
2016,1221,P1,3/19/20,6.8706
2017,1222,P1,3/25/20,37.2977
2018,1223,P1,3/27/20,21.8034
2019,1224,P1,3/30/20,18.2233
2020,1225,P1,3/31/20,28.6869
2021,1226,P1,4/7/20,36.0429
2022,1227,P1,4/9/20,33.2484
2023,1228,P1,4/15/20,26.038
2024,1229,P1,4/20/20,36.771
2025,1230,P1,4/30/20,31.5591
2026,1231,P1,5/6/20,38.6845
2027,1232,P1,5/13/20,17.1206
2028,1233,P1,5/28/20,36.4045
2029,1234,P1,1/30/20,34.3026
2030,1235,P1,2/4/20,0.4684
2031,1236,P1,2/5/20,2.8536
2032,1237,P1,2/17/20,25.6076
2033,1238,P1,2/18/20,29.7985
2034,1239,P1,2/21/20,9.2128
2035,1240,P1,2/24/20,27.5655
2036,1241,P1,3/2/20,26
2037,1242,P1,3/6/20,12.5655
2038,1243,P1,3/9/20,17.7751
2039,1244,P1,3/11/20,35.3536
2040,1245,P1,3/19/20,15.6165
2041,1246,P1,3/25/20,10.2314
2042,1247,P1,3/27/20,10.4417
2043,1248,P1,3/30/20,0.5016
2044,1249,P1,3/31/20,10.1917
2045,1250,P1,4/7/20,3.5372
2046,1251,P1,4/9/20,18.9013
2047,1252,P1,4/15/20,28.2832
2048,1253,P1,4/20/20,17.3204
2049,1254,P1,4/30/20,12.4458
2050,1255,P1,5/6/20,29.5162
2051,1256,P1,5/13/20,1.8908
2052,1257,P1,5/28/20,26.1788
2053,1258,P1,1/30/20,34.5081
2054,1259,P1,2/4/20,35.4992
2055,1260,P1,2/5/20,15.3827
2056,1261,P1,2/17/20,22.5194
2057,1262,P1,2/18/20,34.716
2058,1263,P1,2/21/20,39.9684
2059,1264,P1,2/24/20,12.8956
2060,1265,P1,3/2/20,25.9822
2061,1266,P1,3/6/20,27.2427
2062,1267,P1,3/9/20,5.2193
2063,1268,P1,3/11/20,36.432
2064,1269,P1,3/19/20,11.6125
2065,1270,P1,3/25/20,26.4749
2066,1271,P1,3/27/20,30.7694
2067,1272,P1,3/30/20,36.7371
2068,1273,P1,3/31/20,15.8471
2069,1274,P1,4/7/20,12.7678
2070,1275,P1,4/9/20,22.1537
2071,1276,P1,4/15/20,9.1618
2072,1277,P1,4/20/20,34.8916
2073,1278,P1,4/30/20,40.093
2074,1279,P1,5/6/20,7.7727
2075,1280,P1,5/13/20,24.3576
2076,1281,P1,5/28/20,5.7233
2077,1282,P1,1/30/20,29.0485
2078,1283,P1,2/4/20,1.2379
2079,1284,P1,2/5/20,9.0939
2080,1285,P1,2/17/20,11.7767
2081,1286,P1,2/18/20,29.8261
2082,1287,P1,2/21/20,22.1375
2083,1288,P1,2/24/20,37.915
2084,1289,P1,3/2/20,18.0647
2085,1290,P1,3/6/20,3.8487
2086,1291,P1,3/9/20,22.4725
2087,1292,P1,3/11/20,13.407
2088,1293,P1,3/19/20,12.1998
2089,1294,P1,3/25/20,27.4895
2090,1295,P1,3/27/20,15.4579
2091,1296,P1,3/30/20,31.6206
2092,1297,P1,3/31/20,14.2872
2093,1298,P1,4/7/20,21.4636
2094,1299,P1,4/9/20,23.0275
2095,1300,P1,4/15/20,26.521
2096,1301,P1,4/20/20,12.538
2097,1302,P1,4/30/20,31.1812
2098,1303,P1,5/6/20,3.7282
2099,1304,P1,5/13/20,28.2581
2100,1305,P1,5/28/20,2.8568
2101,1306,P1,1/30/20,2.7718
2102,1307,P1,2/4/20,13.14
2103,1308,P1,2/5/20,29.5291
2104,1309,P1,2/17/20,5.0922
2105,1310,P1,2/18/20,12.8714
2106,1311,P1,2/21/20,10.7856
2107,1312,P1,2/24/20,19.0218
2108,1313,P1,3/2/20,15.8244
2109,1314,P1,3/6/20,7.6966
2110,1315,P1,3/9/20,29.2969
2111,1316,P1,3/11/20,30.2848
2112,1317,P1,3/19/20,9.3301
2113,1318,P1,3/25/20,24.8115
2114,1319,P1,3/27/20,29.3714
2115,1320,P1,3/30/20,27.2921
2116,1321,P1,3/31/20,0.3794
2117,1322,P1,4/7/20,38.8657
2118,1323,P1,4/9/20,8.246
2119,1324,P1,4/15/20,3.5663
2120,1325,P1,1/30/20,26.394
2121,1326,P1,2/4/20,2.9895
2122,1327,P1,2/5/20,23.538
2123,1328,P1,2/17/20,15.3819
2124,1329,P1,2/18/20,18.9239
2125,1330,P1,2/21/20,19.2565
2126,1331,P1,2/24/20,32.7759
2127,1332,P1,3/2/20,28.2508
2128,1333,P1,3/6/20,2.373
2129,1334,P1,3/9/20,27.3956
2130,1335,P1,3/11/20,7.0688
2131,1336,P1,3/19/20,27.8625
2132,1337,P1,3/25/20,33.1294
2133,1338,P1,3/27/20,13.8139
2134,1339,P1,3/30/20,31.254
2135,1340,P1,3/31/20,17.1756
2136,1341,P1,4/7/20,31.7233
2137,1342,P1,4/9/20,24.0882
2138,1343,P1,4/15/20,16.6141
2139,1344,P1,4/20/20,30.7524
2140,1345,P1,4/30/20,35.9628
2141,1346,P1,5/6/20,8.7565
2142,1347,P1,5/13/20,9.538
2143,1348,P1,5/28/20,19.6917
2144,1349,P1,1/30/20,22.0218
2145,1350,P1,2/4/20,10.1739
2146,1351,P1,2/5/20,34.6133
2147,1352,P1,2/17/20,38.3867
2148,1353,P1,2/18/20,0.1375
2149,1354,P1,2/21/20,21.8495
2150,1355,P1,2/24/20,27.3932
2151,1356,P1,3/2/20,26.7079
2152,1357,P1,3/6/20,26.8503
2153,1358,P1,3/9/20,35.7039
2154,1359,P1,3/11/20,29.7824
2155,1360,P1,3/19/20,14.2896
2156,1361,P1,3/25/20,32.7468
2157,1362,P1,3/27/20,16.4757
2158,1363,P1,3/30/20,24.4684
2159,1364,P1,3/31/20,7.25
2160,1365,P1,4/7/20,7.5316
2161,1366,P1,4/9/20,18.8544
2162,1367,P1,4/15/20,24.572
2163,1368,P1,4/20/20,27.8843
2164,1369,P1,4/30/20,18.3641
2165,1370,P1,5/6/20,39.7888
2166,1371,P1,5/13/20,31.3244
2167,1372,P1,5/28/20,21.0987
2168,1373,P1,1/30/20,32.254
2169,1374,P1,2/4/20,34.8681
2170,1375,P1,2/5/20,35.2128
2171,1376,P1,2/17/20,4.7532
2172,1377,P1,2/18/20,20.4393
2173,1378,P1,2/21/20,40.1068
2174,1379,P1,2/24/20,3.8026
2175,1380,P1,3/2/20,23.2662
2176,1381,P1,3/6/20,24.1804
2177,1382,P1,3/9/20,35.3932
2178,1383,P1,3/11/20,25.4895
2179,1384,P1,3/19/20,21.4045
2180,1385,P1,3/25/20,17.4248
2181,1386,P1,3/27/20,19.0882
2182,1387,P1,3/30/20,16.0939
2183,1388,P1,3/31/20,24.7816
2184,1389,P1,4/7/20,6.2184
2185,1390,P1,4/9/20,28.4094
2186,1391,P1,4/15/20,28.9854
2187,1392,P1,4/20/20,6.0445
2188,1393,P1,4/30/20,29.6812
2189,1394,P1,5/6/20,22.0542
2190,1395,P1,5/13/20,13.5437
2191,1396,P1,5/28/20,22.5138
2192,1397,P1,1/30/20,17.6529
2193,1398,P1,2/4/20,29.0963
2194,1399,P1,2/5/20,39.7128
2195,1400,P1,2/17/20,6.2945
2196,1401,P1,2/18/20,33.0558
2197,1402,P1,2/21/20,5.0121
2198,1403,P1,2/24/20,7.7112
2199,1404,P1,3/2/20,17.1634
2200,1405,P1,3/6/20,26.7265
2201,1406,P1,3/9/20,14.9757
2202,1407,P1,3/11/20,40.0841
2203,1408,P1,3/19/20,5.1311
2204,1409,P1,3/25/20,20.6173
2205,1410,P1,3/27/20,9.9773
2206,1411,P1,3/30/20,2.6578
2207,1412,P1,3/31/20,33.2306
2208,1413,P1,4/7/20,33.1497
2209,1414,P1,4/9/20,6.9207
2210,1415,P1,4/15/20,6.9943
2211,1416,P1,4/20/20,22.8123
2212,1417,P1,4/30/20,22.2662
2213,1418,P1,5/6/20,30.9628
2214,1419,P1,5/13/20,0.6966
2215,1420,P1,5/28/20,21.8722
2216,1421,P1,1/30/20,13.5914
2217,1422,P1,2/4/20,5.3665
2218,1124,P1,2/5/20,8.8479
2219,1424,P1,2/17/20,21.4822
2220,1425,P1,2/18/20,36.8568
2221,1426,P1,2/21/20,5.5615
2222,1427,P1,2/24/20,3.589
2223,1428,P1,3/2/20,15.6901
2224,1429,P1,3/6/20,30.6189
2225,1430,P1,3/9/20,14.2241
2226,1431,P1,3/11/20,4.8155
2227,1432,P1,3/19/20,14.0591
2228,1433,P1,3/25/20,24.3042
2229,1434,P1,3/27/20,20.1578
2230,1435,P1,3/30/20,37.2872
2231,1436,P1,3/31/20,34.7427
2232,1437,P1,4/7/20,4.0607
2233,1438,P1,4/9/20,11.3147
2234,1439,P1,4/15/20,15.8261
2235,1440,P1,4/20/20,35.3155
2236,1441,P1,4/30/20,19.7824
2237,1442,P1,5/6/20,25.7484
2238,1443,P1,5/13/20,34.8625
2239,1444,P1,5/28/20,21.589
2240,1445,P1,1/30/20,31.7387
2241,1446,P1,2/4/20,13.8358
2242,1447,P1,2/5/20,4.2451
2243,1448,P1,2/17/20,19.1068
2244,1449,P1,2/18/20,8.3633
2245,1450,P1,2/21/20,20.9345
2246,1451,P1,2/24/20,21.1675
2247,1452,P1,3/2/20,10.9701
2248,1453,P1,3/6/20,23.6958
2249,1454,P1,3/9/20,35.7799
2250,1455,P1,3/11/20,29.2621
2251,1456,P1,3/19/20,6.5672
2252,1457,P1,3/25/20,1.6602
2253,1458,P1,3/27/20,35.7872
2254,1459,P1,3/30/20,1.5218
2255,1460,P1,3/31/20,20.843
2256,1461,P1,4/7/20,39.1998
2257,1462,P1,4/9/20,21.1748
2258,1463,P1,4/15/20,8.5955
2259,1464,P1,4/20/20,7.9442
2260,1465,P1,4/30/20,11.0574
2261,1466,P1,5/6/20,40.2775
2262,1467,P1,5/13/20,33.6594
2263,1468,P1,5/28/20,18.0542
2264,1469,P1,1/30/20,28.1521
2265,1470,P1,2/4/20,26.9846
2266,1471,P1,2/5/20,35.0186
2267,1472,P1,2/17/20,3.6691
2268,1473,P1,2/18/20,9.199
2269,1474,P1,2/21/20,12.3738
2270,1475,P1,2/24/20,10.5065
2271,1476,P1,3/2/20,33.9005
2272,1477,P1,3/6/20,38.2807
2273,1478,P1,3/9/20,29.7443
2274,1479,P1,3/11/20,37.9393
2275,1480,P1,3/19/20,22.7419
2276,1481,P1,3/25/20,20.6594
2277,1482,P1,3/27/20,8.2694
2278,1483,P1,3/30/20,7.3447
2279,1484,P1,3/31/20,19.3649
2280,1485,P1,4/7/20,38.8552
2281,1486,P1,4/9/20,1.8414
2282,1487,P1,4/15/20,32.9409
2283,1488,P1,1/30/20,32.2646
2284,1489,P1,2/4/20,24.4976
2285,1490,P1,2/5/20,6.7557
2286,1491,P1,2/17/20,23.4903
2287,1492,P1,2/18/20,32.6011
2288,1493,P1,2/21/20,1.4992
2289,1494,P1,2/24/20,21.8252
2290,1495,P1,3/2/20,20.3528
2291,1124,P1,3/6/20,12.3584
2292,1124,P1,3/9/20,26.9757
2293,1124,P1,3/11/20,17.4304
2294,1124,P1,3/19/20,21.0922
2295,1124,P1,3/25/20,19.2265
2296,1124,P1,3/27/20,2.0922
2297,1124,P1,3/30/20,31.6472
2298,1124,P1,3/31/20,20.4579
2299,1124,P1,4/7/20,3.8066
2300,1124,P1,4/9/20,6.322
2301,1124,P1,4/15/20,5.5979
2302,1124,P1,4/20/20,36.9871
2303,1124,P1,4/30/20,4.0502
2304,1124,P1,5/6/20,8.1044
2305,1124,P1,5/13/20,25.8172
2306,1124,P1,5/28/20,17.212
2307,1124,P1,1/30/20,3.7751
2308,1124,P1,2/4/20,20.8406
2309,1124,P1,2/5/20,37.606
2310,1124,P1,2/17/20,8.4288
2311,1124,P1,2/18/20,6.1942
2312,1124,P1,2/21/20,0.8722
2313,1124,P1,2/24/20,35.3058
2314,1124,P1,3/2/20,32.7282
2315,1124,P1,3/6/20,24.7799
2316,1124,P1,3/9/20,27.3689
2317,1124,P1,3/11/20,30.462
2318,1124,P1,3/19/20,30.4021
2319,1124,P1,3/25/20,10.6262
2320,1124,P1,3/27/20,9.3091
2321,1124,P1,3/30/20,29.6715
2322,1124,P1,3/31/20,5.2816
2323,1124,P1,4/7/20,28.3261
2324,1124,P1,4/9/20,9.0372
2325,1124,P1,4/15/20,28.856
2326,1124,P1,4/20/20,9.932
2327,1124,P1,4/30/20,38.246
2328,1124,P1,5/6/20,12.767
2329,1124,P1,5/13/20,22.7953
2330,1124,P1,5/28/20,21.7217
2331,1124,P1,1/30/20,38.2023
2332,1124,P1,2/4/20,5.9976
2333,1124,P1,2/5/20,40.4474
2334,1124,P1,2/17/20,1.2921
2335,1124,P1,2/18/20,8.445
2336,1124,P1,2/21/20,27.229
2337,1124,P1,2/24/20,5.3366
2338,1124,P1,3/2/20,34.2063
2339,1124,P1,3/6/20,16.5639
2340,1124,P1,3/9/20,31.6472
2341,1124,P1,3/11/20,18.7492
2342,1124,P1,3/19/20,33.1367
2343,1124,P1,3/25/20,17.8479
2344,1124,P1,3/27/20,28.3252
2345,1124,P1,3/30/20,21.5728
2346,1124,P1,3/31/20,11.9652
2347,1124,P1,4/7/20,15.3455
2348,1124,P1,4/9/20,4.7087
2349,1124,P1,4/15/20,14.051
2350,1124,P1,4/20/20,29.8981
2351,1124,P1,4/30/20,23.1165
2352,1124,P1,5/6/20,17.0858
2353,1124,P1,5/13/20,4.7217
2354,1124,P1,5/28/20,7.4854
2355,1124,P1,1/30/20,27.8309
2356,1124,P1,2/4/20,14.2298
2357,1124,P1,2/5/20,24.2896
2358,1124,P1,2/17/20,23.0623
2359,1124,P1,2/18/20,8.5364
2360,1124,P1,2/21/20,16.3997
2361,1124,P1,2/24/20,16.8956
2362,1124,P1,3/2/20,31.8989
2363,1124,P1,3/6/20,9.5396
2364,1124,P1,3/9/20,24.6367
2365,1124,P1,3/11/20,4.7039
2366,1571,P1,3/19/20,30.6432
2367,1572,P1,3/25/20,35.3261
2368,1573,P1,3/27/20,27.2055
2369,1574,P1,3/30/20,7.4612
2370,1575,P1,3/31/20,39.6084
2371,1576,P1,4/7/20,36.1877
2372,1577,P1,4/9/20,14.8617
2373,1578,P1,4/15/20,11.3867
2374,1579,P1,4/20/20,35.3827
2375,1580,P1,4/30/20,33.6845
2376,1581,P1,5/6/20,5.0364
2377,1582,P1,5/13/20,7.5599
2378,1583,P1,5/28/20,22.6634
2379,1584,P1,1/30/20,26.7071
2380,1585,P1,2/4/20,28.5316
2381,1586,P1,2/5/20,35.161
2382,1587,P1,2/17/20,19.5283
2383,1588,P1,2/18/20,25.0502
2384,1589,P1,2/21/20,36.5364
2385,1590,P1,2/24/20,23.3859
2386,1591,P1,3/2/20,40.4061
2387,1592,P1,3/6/20,13.0178
2388,1593,P1,3/9/20,22.0882
2389,1594,P1,3/11/20,15.9482
2390,1595,P1,3/19/20,10.0647
2391,1596,P1,3/25/20,32.0413
2392,1597,P1,3/27/20,10.5542
2393,1598,P1,3/30/20,17.034
2394,1599,P1,3/31/20,2.979
2395,1600,P1,4/7/20,2.682
2396,1601,P1,4/9/20,28.5801
2397,1602,P1,4/15/20,0.7961
2398,1603,P1,4/20/20,9.5583
2399,1604,P1,4/30/20,23.3495
2400,1605,P1,5/6/20,33.7249
2401,1606,P1,5/13/20,32.4895
2402,1607,P1,5/28/20,40.0979
2403,1608,P1,1/30/20,29.7605
2404,1609,P1,2/4/20,27.9806
2405,1610,P1,2/5/20,11.9927
2406,1611,P1,2/17/20,20.5922
2407,1612,P1,2/18/20,10.2686
2408,1613,P1,2/21/20,7.0833
2409,1614,P1,2/24/20,13.5405
2410,1615,P1,3/2/20,23.4879
2411,1616,P1,3/6/20,8.9604
2412,1617,P1,3/9/20,21.1011
2413,1618,P1,3/11/20,22.788
2414,1619,P1,3/19/20,29.2419
2415,1620,P1,3/25/20,32.5299
2416,1621,P1,3/27/20,26.0704
2417,1622,P1,3/30/20,5.6699
2418,1623,P1,3/31/20,19.2201
2419,1624,P1,4/7/20,37.1481
2420,1625,P1,4/9/20,18.8309
2421,1626,P1,4/15/20,12.8414
2422,1627,P1,4/20/20,8.4765
2423,1628,P1,4/30/20,27.6084
2424,1629,P1,5/6/20,9.8374
2425,1630,P1,5/13/20,0.5542
2426,1631,P1,5/28/20,3.0008
2427,1632,P1,1/30/20,39.2193
2428,1633,P1,2/4/20,28.7484
2429,1634,P1,2/5/20,38.1197
2430,1635,P1,2/17/20,3.3261
2431,1636,P1,2/18/20,39.9757
2432,1637,P1,2/21/20,6.6238
2433,1638,P1,2/24/20,20.9984
2434,1639,P1,3/2/20,5.949
2435,1640,P1,3/6/20,32.8697
2436,1641,P1,3/9/20,22.8155
2437,1642,P1,3/11/20,3.4951
2438,1643,P1,3/19/20,11.8633
2439,1644,P1,3/25/20,30.021
2439,1645,P1,3/27/20,31.8552
2439,1646,P1,3/30/20,4.5736
2439,1647,P1,3/31/20,31.6642
2439,1648,P1,4/7/20,29.4223
2439,1649,P1,4/9/20,38.1456
2439,1650,P1,4/15/20,16.5275
2439,1651,P1,1/30/20,21.8875
2439,1652,P1,2/4/20,38.0065
2439,1653,P1,2/5/20,34.5057
2439,1654,P1,2/17/20,7.6262
2439,1655,P1,2/18/20,5.4943
2439,1656,P1,2/21/20,33.1206
2439,1657,P1,2/24/20,14.3892
2439,1658,P1,3/2/20,37.0065
2439,1659,P1,3/6/20,28.3204
2439,1660,P1,3/9/20,27.949
2439,1661,P1,3/11/20,33.8503
2439,1662,P1,3/19/20,37.1828
2439,1663,P1,3/25/20,19.3487
2439,1664,P1,3/27/20,31.7087
2439,1124,P1,3/30/20,23.2492
2439,1124,P1,3/31/20,14.2387
2439,1124,P1,4/7/20,30.5518
2439,1124,P1,4/9/20,0.8447
2439,1124,P1,4/15/20,38.788
2439,1124,P1,4/20/20,22.3519
2439,1124,P1,4/30/20,28.801
2439,1124,P1,5/6/20,7.1497
2439,1124,P1,5/13/20,30.4377
2439,1124,P1,5/28/20,4.6068
2439,1124,P1,1/30/20,1.3981
2439,1124,P1,2/4/20,15.0785
2439,1124,P1,2/5/20,36.7112
2439,1124,P1,2/17/20,33.9296
2439,1124,P1,2/18/20,17.8835
2439,1124,P1,2/21/20,28.8552
2439,1124,P1,2/24/20,15.411
2439,1124,P1,3/2/20,36.1181
2439,1124,P1,3/6/20,16.2031
2439,1124,P1,3/9/20,16.5437
2439,1124,P1,3/11/20,11.9531
2439,1124,P1,3/19/20,17.6311
2439,1124,P1,3/25/20,28.9579
2439,1124,P1,3/27/20,22.5227
2439,1124,P1,3/30/20,21.462
2439,1124,P1,3/31/20,15.3592
2439,1124,P1,4/7/20,21.2937
2439,1124,P1,4/9/20,36.2087
2439,1124,P1,4/15/20,11.627
2439,1124,P1,4/20/20,10.432
2439,1124,P1,4/30/20,34.0129
2439,1124,P1,5/6/20,38.3746
2439,1124,P1,5/13/20,17.7443
2439,1124,P1,5/28/20,24.9474
2439,1124,P1,1/30/20,38.2176
2439,1124,P1,2/4/20,34.7994
2439,1124,P1,2/5/20,33.2629
2439,1124,P1,2/17/20,0.1497
2439,1124,P1,2/18/20,6.0761
2439,1124,P1,2/21/20,22.4539
2439,1124,P1,2/24/20,29.0178
2439,1124,P1,3/2/20,29.8196
2439,1124,P1,3/6/20,19.7225
2439,1124,P1,3/9/20,22.4385
2439,1124,P1,3/11/20,22.1561
2439,1124,P1,3/19/20,25.6141
2439,1124,P1,3/25/20,18.5955
2439,1124,P1,3/27/20,0.2832
2439,1124,P1,3/30/20,26.1367
2439,1124,P1,3/31/20,0.8519
2439,1124,P1,4/7/20,30.0259
2439,1124,P1,4/9/20,19.5769
2439,1124,P1,4/15/20,19.7306
2439,1124,P1,4/20/20,15.0583
2439,1124,P1,4/30/20,18.1472
2439,1124,P1,5/6/20,24.0469
2439,1124,P1,5/13/20,32.5178
2439,1124,P1,5/28/20,23.4021
2439,1124,P1,1/30/20,4.2217
2439,1124,P1,2/4/20,2.2727
2439,1124,P1,2/5/20,32.7638
2439,1124,P1,2/17/20,25.7184
2439,1124,P1,2/18/20,37.4895
2439,1124,P1,2/21/20,16.6521
2439,1124,P1,2/24/20,39.5793
2439,1124,P1,3/2/20,4.1108
2439,1124,P1,3/6/20,19.9895
2439,1124,P1,3/9/20,4.1796
2439,1124,P1,3/11/20,19.1998
2439,1124,P1,3/19/20,37.5623
2439,1124,P1,3/25/20,21.8341
2439,1124,P1,3/27/20,19.7225
2439,1124,P1,3/30/20,34.5583
2439,1124,P1,3/31/20,7.0121
2439,1124,P1,4/7/20,38.6294
2439,1124,P1,4/9/20,3.8714
2439,1124,P1,4/15/20,28.6464
2439,1124,P1,4/20/20,35.585
2439,1124,P1,4/30/20,32.0623
2439,1124,P1,5/6/20,33.9992
2439,1124,P1,5/13/20,1.7055
2439,1124,P1,5/28/20,23.6634
2439,1124,P1,1/30/20,24.3544
2439,1124,P1,2/4/20,15.1731
2439,1124,P1,2/5/20,21.6545
2439,1124,P1,2/17/20,21.3544
2439,1124,P1,2/18/20,7.6772
2439,1124,P1,2/21/20,38.7087
2439,1124,P1,2/24/20,40.0307
2439,1124,P1,3/2/20,28.8074
2439,1755,P1,3/6/20,10.6197
2439,1756,P1,3/9/20,18.7735
2439,1757,P1,3/11/20,12.127
2439,1758,P1,3/19/20,27.1828
2439,1759,P1,3/25/20,19.6165